id документа,Дата,Артикул материала,Наименование материала,Объём,Единицы измерения,Цех
1234572833,2023-01-02 00:00:00,12300256,Масло 256,17,Кг,533
1234572847,2023-01-03 00:00:00,12300202,Масло 202,56,Кг,555
1234572899,2023-01-03 00:00:00,12300157,Масло 157,64,Кг,511
1234572999,2023-01-03 00:00:00,123002,Масло 2,288,Кг,533
1234573084,2023-01-03 00:00:00,12300265,Масло 265,26.25,Кг,533
1234573106,2023-01-05 00:00:00,12300214,Масло 214,30,Кг,511
1234573190,2023-01-06 00:00:00,12300110,Масло 110,43.8,Кг,533
1234573264,2023-01-07 00:00:00,1230018,Масло 18,7.8,Кг,555
1234573360,2023-01-07 00:00:00,12300283,Масло 283,120,Кг,555
1234573401,2023-01-08 00:00:00,12300102,Масло 102,115,Кг,522
1234573421,2023-01-09 00:00:00,12300285,Масло 285,5.333333333333333,Кг,533
1234573493,2023-01-09 00:00:00,12300150,Масло 150,19.5,Кг,522
1234573587,2023-01-09 00:00:00,12300239,Масло 239,97,Кг,544
1234573682,2023-01-09 00:00:00,1230048,Масло 48,23,Кг,544
1234573728,2023-01-10 00:00:00,12300272,Масло 272,75,Кг,511
1234573796,2023-01-10 00:00:00,12300109,Масло 109,1.5,Кг,533
1234573826,2023-01-10 00:00:00,12300204,Масло 204,154,Кг,522
1234573876,2023-01-11 00:00:00,1230061,Масло 61,12.666666666666666,Кг,555
1234573949,2023-01-14 00:00:00,12300208,Масло 208,4,Кг,544
1234573976,2023-01-14 00:00:00,12300209,Масло 209,29.2,Кг,511
1234574004,2023-01-14 00:00:00,12300120,Масло 120,79,Кг,533
1234574012,2023-01-18 00:00:00,12300264,Масло 264,189,Кг,533
1234574069,2023-01-18 00:00:00,12300248,Масло 248,2.5,Кг,522
1234574083,2023-01-18 00:00:00,12300114,Масло 114,36,Кг,533
1234574133,2023-01-18 00:00:00,12300186,Масло 186,5,Кг,522
1234574165,2023-01-19 00:00:00,1230025,Масло 25,6,Кг,533
1234574183,2023-01-21 00:00:00,12300272,Масло 272,100,Кг,522
1234574272,2023-01-21 00:00:00,1230013,Масло 13,24,Кг,533
1234574305,2023-01-21 00:00:00,12300195,Масло 195,24.8,Кг,533
1234574341,2023-01-21 00:00:00,12300272,Масло 272,78.4,Кг,544
1234574419,2023-01-21 00:00:00,12300198,Масло 198,19,Кг,533
1234574456,2023-01-22 00:00:00,12300149,Масло 149,27.5,Кг,522
1234574476,2023-01-22 00:00:00,12300184,Масло 184,77.33333333333333,Кг,522
1234574537,2023-01-22 00:00:00,12300214,Масло 214,132,Кг,511
1234574596,2023-01-24 00:00:00,12300192,Масло 192,320,Кг,544
1234574611,2023-01-25 00:00:00,1230060,Масло 60,38.4,Кг,555
1234574662,2023-01-26 00:00:00,12300109,Масло 109,35.6,Кг,522
1234574746,2023-01-26 00:00:00,12300217,Масло 217,13.2,Кг,544
1234574831,2023-01-27 00:00:00,1230033,Масло 33,17.333333333333332,Кг,544
1234574889,2023-01-28 00:00:00,12300155,Масло 155,48,Кг,511
1234574911,2023-01-29 00:00:00,1230041,Масло 41,14.666666666666666,Кг,522
1234574966,2023-01-29 00:00:00,1230086,Масло 86,97.5,Кг,555
1234574971,2023-01-31 00:00:00,12300119,Масло 119,98,Кг,522
1234575037,2023-02-03 00:00:00,12300237,Масло 237,30,Кг,555
1234575048,2023-02-04 00:00:00,12300197,Масло 197,237,Кг,544
1234575128,2023-02-04 00:00:00,1230072,Масло 72,23.6,Кг,544
1234575176,2023-02-06 00:00:00,1230070,Масло 70,6.666666666666667,Кг,533
1234575262,2023-02-08 00:00:00,12300224,Масло 224,16.333333333333332,Кг,544
1234575314,2023-02-08 00:00:00,12300240,Масло 240,492,Кг,533
1234575373,2023-02-08 00:00:00,12300153,Масло 153,30,Кг,533
1234575443,2023-02-08 00:00:00,12300210,Масло 210,44,Кг,533
1234575465,2023-02-08 00:00:00,1230063,Масло 63,366,Кг,522
1234575517,2023-02-08 00:00:00,12300286,Масло 286,25.666666666666668,Кг,522
1234575557,2023-02-08 00:00:00,12300164,Масло 164,36,Кг,522
1234575568,2023-02-09 00:00:00,12300141,Масло 141,27,Кг,533
1234575581,2023-02-09 00:00:00,12300106,Масло 106,26,Кг,511
1234575667,2023-02-12 00:00:00,12300252,Масло 252,59,Кг,544
1234575699,2023-02-12 00:00:00,12300155,Масло 155,142,Кг,544
1234575749,2023-02-13 00:00:00,12300201,Масло 201,50,Кг,511
1234575773,2023-02-14 00:00:00,12300227,Масло 227,52,Кг,511
1234575817,2023-02-15 00:00:00,12300109,Масло 109,4,Кг,533
1234575881,2023-02-15 00:00:00,1230035,Масло 35,87,Кг,555
1234575893,2023-02-15 00:00:00,12300185,Масло 185,33,Кг,544
1234575919,2023-02-17 00:00:00,12300293,Масло 293,6,Кг,533
1234575975,2023-02-18 00:00:00,1230015,Масло 15,51,Кг,544
1234576008,2023-02-18 00:00:00,12300111,Масло 111,30,Кг,533
1234576093,2023-02-19 00:00:00,12300143,Масло 143,285,Кг,511
1234576178,2023-02-20 00:00:00,12300248,Масло 248,20.5,Кг,511
1234576213,2023-02-20 00:00:00,12300163,Масло 163,51,Кг,511
1234576282,2023-02-21 00:00:00,12300141,Масло 141,69.6,Кг,555
1234576321,2023-02-21 00:00:00,123004,Масло 4,42,Кг,544
1234576361,2023-02-21 00:00:00,1230052,Масло 52,3,Кг,555
1234576377,2023-02-21 00:00:00,12300281,Масло 281,96,Кг,522
1234576408,2023-02-22 00:00:00,1230076,Масло 76,3,Кг,522
1234576423,2023-02-26 00:00:00,1230046,Масло 46,62.25,Кг,544
1234576513,2023-02-27 00:00:00,1230027,Масло 27,140,Кг,511
1234576518,2023-02-27 00:00:00,1230029,Масло 29,74,Кг,522
1234576601,2023-03-01 00:00:00,12300171,Масло 171,26,Кг,544
1234576658,2023-03-01 00:00:00,1230078,Масло 78,100,Кг,533
1234576703,2023-03-01 00:00:00,12300122,Масло 122,18.666666666666668,Кг,511
1234576734,2023-03-01 00:00:00,12300287,Масло 287,40,Кг,522
1234576824,2023-03-03 00:00:00,1230069,Масло 69,201,Кг,544
1234576850,2023-03-04 00:00:00,12300126,Масло 126,212.5,Кг,544
1234576875,2023-03-05 00:00:00,1230049,Масло 49,516,Кг,533
1234576890,2023-03-05 00:00:00,12300108,Масло 108,29,Кг,522
1234576901,2023-03-05 00:00:00,12300237,Масло 237,400,Кг,555
1234576947,2023-03-06 00:00:00,1230086,Масло 86,142.5,Кг,511
1234577009,2023-03-06 00:00:00,1230079,Масло 79,9,Кг,533
1234577057,2023-03-06 00:00:00,12300146,Масло 146,2.8,Кг,511
1234577076,2023-03-08 00:00:00,12300102,Масло 102,78,Кг,511
1234577121,2023-03-08 00:00:00,12300167,Масло 167,32,Кг,555
1234577148,2023-03-09 00:00:00,12300208,Масло 208,108,Кг,511
1234577153,2023-03-10 00:00:00,12300102,Масло 102,30,Кг,511
1234577241,2023-03-13 00:00:00,1230093,Масло 93,540,Кг,522
1234577268,2023-03-14 00:00:00,12300255,Масло 255,3.4,Кг,555
1234577332,2023-03-15 00:00:00,12300191,Масло 191,276,Кг,555
1234577393,2023-03-15 00:00:00,12300184,Масло 184,65,Кг,522
1234577445,2023-03-16 00:00:00,12300262,Масло 262,27.75,Кг,511
1234577490,2023-03-17 00:00:00,12300212,Масло 212,4.2,Кг,555
1234577533,2023-03-17 00:00:00,12300249,Масло 249,11.666666666666666,Кг,511
1234577587,2023-03-18 00:00:00,1230037,Масло 37,28,Кг,555
1234577623,2023-03-20 00:00:00,12300246,Масло 246,150,Кг,544
1234577708,2023-03-20 00:00:00,12300288,Масло 288,66.4,Кг,511
1234577771,2023-03-20 00:00:00,12300187,Масло 187,116,Кг,522
1234577857,2023-03-21 00:00:00,1230087,Масло 87,5.75,Кг,544
1234577922,2023-03-21 00:00:00,1230056,Масло 56,18.5,Кг,511
1234577948,2023-03-22 00:00:00,1230076,Масло 76,52,Кг,544
1234578025,2023-03-22 00:00:00,12300147,Масло 147,42,Кг,555
1234578037,2023-03-22 00:00:00,12300181,Масло 181,27,Кг,533
1234578102,2023-03-23 00:00:00,1230093,Масло 93,22.5,Кг,511
1234578110,2023-03-24 00:00:00,12300239,Масло 239,31.666666666666668,Кг,511
1234578206,2023-03-25 00:00:00,1230067,Масло 67,264,Кг,533
1234578260,2023-03-26 00:00:00,12300149,Масло 149,44,Кг,533
1234578342,2023-03-27 00:00:00,12300105,Масло 105,168,Кг,544
1234578429,2023-03-27 00:00:00,12300267,Масло 267,170,Кг,522
1234578513,2023-03-28 00:00:00,12300156,Масло 156,24,Кг,544
1234578526,2023-03-29 00:00:00,12300225,Масло 225,130.5,Кг,533
1234578563,2023-03-30 00:00:00,12300132,Масло 132,147,Кг,511
1234578597,2023-03-30 00:00:00,12300267,Масло 267,68.8,Кг,522
1234578681,2023-03-30 00:00:00,12300186,Масло 186,18.6,Кг,544
1234578695,2023-03-30 00:00:00,1230055,Масло 55,2.4,Кг,555
1234578762,2023-03-31 00:00:00,12300247,Масло 247,29,Кг,511
1234578837,2023-03-31 00:00:00,12300179,Масло 179,3,Кг,511
1234578860,2023-03-31 00:00:00,12300260,Масло 260,13.6,Кг,555
1234578911,2023-04-02 00:00:00,12300257,Масло 257,245,Кг,522
1234578957,2023-04-02 00:00:00,12300101,Масло 101,97.5,Кг,522
1234579007,2023-04-02 00:00:00,1230026,Масло 26,279,Кг,511
1234579083,2023-04-04 00:00:00,12300173,Масло 173,26,Кг,555
1234579098,2023-04-04 00:00:00,123009,Масло 9,31.333333333333332,Кг,511
1234579182,2023-04-05 00:00:00,12300224,Масло 224,75,Кг,522
1234579248,2023-04-06 00:00:00,1230043,Масло 43,189,Кг,522
1234579309,2023-04-07 00:00:00,12300160,Масло 160,46.5,Кг,555
1234579373,2023-04-07 00:00:00,12300241,Масло 241,0.4,Кг,522
1234579400,2023-04-09 00:00:00,1230036,Масло 36,89.33333333333333,Кг,544
1234579468,2023-04-09 00:00:00,1230053,Масло 53,30.8,Кг,533
1234579530,2023-04-09 00:00:00,12300260,Масло 260,68,Кг,544
1234579606,2023-04-11 00:00:00,12300246,Масло 246,142.5,Кг,533
1234579660,2023-04-13 00:00:00,12300285,Масло 285,9,Кг,533
1234579702,2023-04-14 00:00:00,12300256,Масло 256,39,Кг,544
1234579745,2023-04-16 00:00:00,12300235,Масло 235,79.5,Кг,522
1234579803,2023-04-19 00:00:00,1230059,Масло 59,44.4,Кг,533
1234579835,2023-04-20 00:00:00,12300180,Масло 180,86.66666666666667,Кг,511
1234579860,2023-04-22 00:00:00,12300258,Масло 258,48,Кг,544
1234579937,2023-04-23 00:00:00,12300267,Масло 267,126,Кг,522
1234580025,2023-04-23 00:00:00,12300274,Масло 274,132,Кг,511
1234580060,2023-04-24 00:00:00,12300288,Масло 288,114,Кг,544
1234580156,2023-04-24 00:00:00,1230051,Масло 51,4.25,Кг,555
1234580205,2023-04-25 00:00:00,12300108,Масло 108,132,Кг,533
1234580296,2023-04-25 00:00:00,1230025,Масло 25,56,Кг,522
1234580345,2023-04-25 00:00:00,12300218,Масло 218,12.5,Кг,555
1234580351,2023-04-25 00:00:00,12300146,Масло 146,102,Кг,522
1234580376,2023-04-26 00:00:00,12300142,Масло 142,51,Кг,533
1234580428,2023-04-27 00:00:00,1230068,Масло 68,10.6,Кг,544
1234580489,2023-04-27 00:00:00,1230037,Масло 37,22,Кг,544
1234580519,2023-04-27 00:00:00,1230046,Масло 46,54,Кг,533
1234580582,2023-04-29 00:00:00,12300296,Масло 296,117.5,Кг,522
1234580638,2023-04-30 00:00:00,12300229,Масло 229,164,Кг,522
1234580656,2023-04-30 00:00:00,12300215,Масло 215,27.5,Кг,511
1234580674,2023-05-02 00:00:00,1230038,Масло 38,48,Кг,555
1234580729,2023-05-02 00:00:00,1230050,Масло 50,7,Кг,511
1234580756,2023-05-02 00:00:00,1230039,Масло 39,53,Кг,555
1234580782,2023-05-06 00:00:00,12300186,Масло 186,21.2,Кг,533
1234580874,2023-05-07 00:00:00,12300289,Масло 289,217.5,Кг,555
1234580903,2023-05-07 00:00:00,12300175,Масло 175,304,Кг,533
1234580919,2023-05-08 00:00:00,12300111,Масло 111,83.75,Кг,555
1234580979,2023-05-08 00:00:00,12300217,Масло 217,30,Кг,555
1234581064,2023-05-08 00:00:00,12300206,Масло 206,96,Кг,544
1234581156,2023-05-10 00:00:00,12300233,Масло 233,8,Кг,522
1234581238,2023-05-14 00:00:00,1230063,Масло 63,12,Кг,533
1234581277,2023-05-15 00:00:00,12300115,Масло 115,44,Кг,511
1234581315,2023-05-15 00:00:00,1230022,Масло 22,47.5,Кг,555
1234581402,2023-05-16 00:00:00,1230087,Масло 87,97.5,Кг,555
1234581452,2023-05-16 00:00:00,1230087,Масло 87,70.5,Кг,533
1234581549,2023-05-16 00:00:00,12300258,Масло 258,37.333333333333336,Кг,522
1234581586,2023-05-16 00:00:00,1230027,Масло 27,36,Кг,544
1234581591,2023-05-17 00:00:00,1230054,Масло 54,33.75,Кг,511
1234581690,2023-05-18 00:00:00,12300163,Масло 163,83.33333333333333,Кг,555
1234581731,2023-05-18 00:00:00,12300178,Масло 178,10.666666666666666,Кг,511
1234581784,2023-05-21 00:00:00,12300199,Масло 199,90,Кг,544
1234581841,2023-05-21 00:00:00,1230025,Масло 25,78,Кг,522
1234581925,2023-05-22 00:00:00,1230056,Масло 56,13.2,Кг,555
1234581999,2023-05-22 00:00:00,12300292,Масло 292,22.5,Кг,555
1234582094,2023-05-23 00:00:00,1230090,Масло 90,42.666666666666664,Кг,533
1234582148,2023-05-25 00:00:00,12300166,Масло 166,31.2,Кг,533
1234582228,2023-05-25 00:00:00,12300206,Масло 206,26.8,Кг,555
1234582297,2023-05-26 00:00:00,12300197,Масло 197,58.666666666666664,Кг,544
1234582341,2023-05-26 00:00:00,12300196,Масло 196,39,Кг,533
1234582369,2023-05-26 00:00:00,1230082,Масло 82,158,Кг,533
1234582429,2023-05-26 00:00:00,12300238,Масло 238,132,Кг,555
1234582455,2023-05-27 00:00:00,12300279,Масло 279,153.33333333333334,Кг,511
1234582481,2023-05-30 00:00:00,123002,Масло 2,133.33333333333334,Кг,522
1234582522,2023-05-30 00:00:00,12300225,Масло 225,13.5,Кг,533
1234582609,2023-05-31 00:00:00,12300197,Масло 197,15.75,Кг,533
1234582627,2023-05-31 00:00:00,12300234,Масло 234,56,Кг,533
1234582724,2023-06-01 00:00:00,123004,Масло 4,21.5,Кг,544
1234582788,2023-06-02 00:00:00,12300251,Масло 251,1,Кг,522
1234582847,2023-06-02 00:00:00,12300202,Масло 202,35.4,Кг,533
1234582898,2023-06-03 00:00:00,12300237,Масло 237,87,Кг,544
1234582938,2023-06-04 00:00:00,12300108,Масло 108,166,Кг,555
1234582971,2023-06-04 00:00:00,1230062,Масло 62,94.66666666666667,Кг,511
1234583050,2023-06-04 00:00:00,12300121,Масло 121,63.333333333333336,Кг,533
1234583057,2023-06-04 00:00:00,12300134,Масло 134,57,Кг,511
1234583113,2023-06-05 00:00:00,12300143,Масло 143,26.4,Кг,522
1234583192,2023-06-06 00:00:00,12300170,Масло 170,21.666666666666668,Кг,555
1234583284,2023-06-06 00:00:00,12300185,Масло 185,90,Кг,533
1234583335,2023-06-07 00:00:00,12300218,Масло 218,53.6,Кг,522
1234583389,2023-06-08 00:00:00,1230099,Масло 99,21,Кг,511
1234583444,2023-06-08 00:00:00,1230029,Масло 29,39.333333333333336,Кг,533
1234583496,2023-06-08 00:00:00,12300207,Масло 207,110,Кг,511
1234583509,2023-06-09 00:00:00,12300172,Масло 172,4,Кг,522
1234583585,2023-06-10 00:00:00,1230050,Масло 50,65,Кг,544
1234583636,2023-06-10 00:00:00,12300284,Масло 284,84,Кг,533
1234583676,2023-06-10 00:00:00,12300156,Масло 156,182,Кг,533
1234583769,2023-06-10 00:00:00,12300266,Масло 266,54,Кг,555
1234583839,2023-06-11 00:00:00,123001,Масло 1,66,Кг,511
1234583914,2023-06-11 00:00:00,12300169,Масло 169,19.666666666666668,Кг,555
1234583948,2023-06-11 00:00:00,1230038,Масло 38,47,Кг,511
1234584000,2023-06-12 00:00:00,1230087,Масло 87,44,Кг,522
1234584043,2023-06-13 00:00:00,1230066,Масло 66,10.5,Кг,544
1234584060,2023-06-14 00:00:00,12300197,Масло 197,30.333333333333332,Кг,555
1234584133,2023-06-15 00:00:00,1230024,Масло 24,258,Кг,511
1234584194,2023-06-16 00:00:00,12300195,Масло 195,84,Кг,533
1234584235,2023-06-16 00:00:00,12300113,Масло 113,19.75,Кг,544
1234584308,2023-06-18 00:00:00,12300210,Масло 210,120,Кг,511
1234584340,2023-06-19 00:00:00,12300183,Масло 183,5,Кг,511
1234584368,2023-06-19 00:00:00,1230090,Масло 90,111,Кг,522
1234584448,2023-06-19 00:00:00,1230091,Масло 91,64,Кг,511
1234584507,2023-06-20 00:00:00,12300293,Масло 293,112,Кг,522
1234584592,2023-06-20 00:00:00,12300257,Масло 257,61,Кг,522
1234584604,2023-06-20 00:00:00,12300125,Масло 125,136,Кг,522
1234584634,2023-06-20 00:00:00,12300144,Масло 144,44.4,Кг,555
1234584698,2023-06-21 00:00:00,12300168,Масло 168,29.25,Кг,544
1234584757,2023-06-23 00:00:00,1230032,Масло 32,312,Кг,544
1234584835,2023-06-23 00:00:00,1230024,Масло 24,50.4,Кг,533
1234584928,2023-06-24 00:00:00,1230082,Масло 82,15.333333333333334,Кг,511
1234584961,2023-06-25 00:00:00,12300189,Масло 189,92,Кг,544
1234584971,2023-06-27 00:00:00,1230070,Масло 70,8.8,Кг,522
1234585051,2023-06-28 00:00:00,12300137,Масло 137,117.6,Кг,544
1234585076,2023-06-28 00:00:00,1230080,Масло 80,20,Кг,555
1234585124,2023-06-30 00:00:00,12300270,Масло 270,62,Кг,555
1234585202,2023-07-02 00:00:00,12300284,Масло 284,45,Кг,533
1234585215,2023-07-02 00:00:00,12300171,Масло 171,14,Кг,555
1234585248,2023-07-03 00:00:00,1230030,Масло 30,27,Кг,533
1234585327,2023-07-04 00:00:00,12300188,Масло 188,120,Кг,544
1234585408,2023-07-05 00:00:00,12300273,Масло 273,22.8,Кг,522
1234585452,2023-07-06 00:00:00,1230091,Масло 91,174,Кг,511
1234585522,2023-07-07 00:00:00,12300292,Масло 292,107.5,Кг,555
1234585614,2023-07-07 00:00:00,12300206,Масло 206,40,Кг,522
1234585671,2023-07-07 00:00:00,1230010,Масло 10,60,Кг,555
1234585686,2023-07-08 00:00:00,12300150,Масло 150,15,Кг,555
1234585691,2023-07-08 00:00:00,12300129,Масло 129,385,Кг,511
1234585732,2023-07-08 00:00:00,12300198,Масло 198,116.66666666666667,Кг,522
1234585777,2023-07-08 00:00:00,12300196,Масло 196,40.5,Кг,511
1234585866,2023-07-09 00:00:00,1230020,Масло 20,396,Кг,555
1234585966,2023-07-09 00:00:00,12300296,Масло 296,64.5,Кг,555
1234586040,2023-07-10 00:00:00,12300120,Масло 120,180,Кг,555
1234586131,2023-07-11 00:00:00,1230061,Масло 61,45,Кг,544
1234586138,2023-07-11 00:00:00,1230067,Масло 67,24.8,Кг,533
1234586167,2023-07-12 00:00:00,12300141,Масло 141,110.66666666666667,Кг,544
1234586185,2023-07-13 00:00:00,1230082,Масло 82,392,Кг,555
1234586199,2023-07-13 00:00:00,12300171,Масло 171,77,Кг,522
1234586223,2023-07-13 00:00:00,1230057,Масло 57,108.75,Кг,555
1234586290,2023-07-13 00:00:00,12300258,Масло 258,57,Кг,533
1234586316,2023-07-15 00:00:00,1230042,Масло 42,48,Кг,533
1234586372,2023-07-15 00:00:00,1230031,Масло 31,7,Кг,544
1234586402,2023-07-15 00:00:00,1230055,Масло 55,45,Кг,533
1234586484,2023-07-16 00:00:00,12300173,Масло 173,48,Кг,522
1234586502,2023-07-17 00:00:00,12300250,Масло 250,15,Кг,533
1234586569,2023-07-17 00:00:00,1230022,Масло 22,101.33333333333333,Кг,533
1234586609,2023-07-18 00:00:00,12300291,Масло 291,43.5,Кг,555
1234586694,2023-07-18 00:00:00,1230047,Масло 47,198,Кг,544
1234586785,2023-07-19 00:00:00,123006,Масло 6,178,Кг,533
1234586839,2023-07-20 00:00:00,12300272,Масло 272,368,Кг,544
1234586883,2023-07-21 00:00:00,12300194,Масло 194,34.4,Кг,544
1234586907,2023-07-22 00:00:00,12300228,Масло 228,24,Кг,533
1234586985,2023-07-22 00:00:00,12300223,Масло 223,2.6666666666666665,Кг,522
1234587020,2023-07-23 00:00:00,1230049,Масло 49,110,Кг,544
1234587057,2023-07-25 00:00:00,123008,Масло 8,73,Кг,511
1234587114,2023-07-27 00:00:00,12300190,Масло 190,82,Кг,511
1234587196,2023-07-27 00:00:00,12300165,Масло 165,65,Кг,544
1234587285,2023-07-28 00:00:00,12300102,Масло 102,4.5,Кг,555
1234587298,2023-07-30 00:00:00,123002,Масло 2,66.66666666666667,Кг,555
1234587378,2023-07-31 00:00:00,12300119,Масло 119,141,Кг,522
1234587389,2023-08-01 00:00:00,1230033,Масло 33,63,Кг,544
1234587488,2023-08-02 00:00:00,12300292,Масло 292,138,Кг,511
1234587588,2023-08-03 00:00:00,1230046,Масло 46,17.25,Кг,522
1234587675,2023-08-03 00:00:00,12300225,Масло 225,31.5,Кг,511
1234587775,2023-08-03 00:00:00,12300258,Масло 258,139.5,Кг,555
1234587782,2023-08-04 00:00:00,12300257,Масло 257,16.2,Кг,555
1234587827,2023-08-05 00:00:00,12300192,Масло 192,7,Кг,522
1234587872,2023-08-07 00:00:00,1230038,Масло 38,115.5,Кг,555
1234587948,2023-08-07 00:00:00,12300185,Масло 185,108,Кг,533
1234587996,2023-08-08 00:00:00,12300233,Масло 233,88.5,Кг,555
1234588093,2023-08-08 00:00:00,1230037,Масло 37,50.4,Кг,544
1234588193,2023-08-09 00:00:00,12300121,Масло 121,138,Кг,511
1234588236,2023-08-11 00:00:00,1230051,Масло 51,17.8,Кг,544
1234588316,2023-08-13 00:00:00,1230093,Масло 93,55,Кг,522
1234588337,2023-08-13 00:00:00,12300100,Масло 100,285,Кг,544
1234588405,2023-08-13 00:00:00,1230032,Масло 32,366,Кг,511
1234588445,2023-08-14 00:00:00,12300259,Масло 259,21.333333333333332,Кг,511
1234588520,2023-08-16 00:00:00,1230077,Масло 77,45,Кг,511
1234588599,2023-08-16 00:00:00,1230015,Масло 15,10.75,Кг,544
1234588649,2023-08-17 00:00:00,1230065,Масло 65,52,Кг,544
1234588689,2023-08-18 00:00:00,12300249,Масло 249,124,Кг,522
1234588711,2023-08-18 00:00:00,1230055,Масло 55,227.5,Кг,533
1234588745,2023-08-19 00:00:00,12300222,Масло 222,40.5,Кг,555
1234588832,2023-08-19 00:00:00,1230029,Масло 29,46,Кг,522
1234588870,2023-08-19 00:00:00,1230049,Масло 49,39,Кг,533
1234588879,2023-08-20 00:00:00,12300195,Масло 195,32.25,Кг,555
1234588917,2023-08-20 00:00:00,12300174,Масло 174,34.4,Кг,544
1234588994,2023-08-21 00:00:00,1230023,Масло 23,42,Кг,511
1234589019,2023-08-21 00:00:00,12300203,Масло 203,45.75,Кг,555
1234589117,2023-08-22 00:00:00,12300288,Масло 288,279,Кг,544
1234589129,2023-08-22 00:00:00,1230079,Масло 79,2.5,Кг,555
1234589194,2023-08-23 00:00:00,1230078,Масло 78,19.333333333333332,Кг,511
1234589218,2023-08-25 00:00:00,12300286,Масло 286,10,Кг,555
1234589311,2023-08-26 00:00:00,12300270,Масло 270,40.5,Кг,544
1234589333,2023-08-27 00:00:00,1230078,Масло 78,135,Кг,544
1234589422,2023-08-27 00:00:00,1230094,Масло 94,18,Кг,544
1234589462,2023-08-28 00:00:00,123002,Масло 2,21,Кг,555
1234589508,2023-08-29 00:00:00,1230030,Масло 30,27.5,Кг,544
1234589556,2023-08-29 00:00:00,12300176,Масло 176,588,Кг,522
1234589635,2023-08-29 00:00:00,1230018,Масло 18,53.333333333333336,Кг,522
1234589660,2023-08-29 00:00:00,12300252,Масло 252,15.5,Кг,522
1234589667,2023-08-30 00:00:00,12300145,Масло 145,17.5,Кг,522
1234589708,2023-08-30 00:00:00,1230036,Масло 36,0.6666666666666666,Кг,533
1234589787,2023-08-30 00:00:00,1230069,Масло 69,18,Кг,511
1234589842,2023-08-30 00:00:00,12300208,Масло 208,37.5,Кг,511
1234589907,2023-08-31 00:00:00,1230076,Масло 76,70.4,Кг,533
1234589985,2023-08-31 00:00:00,1230013,Масло 13,132,Кг,533
1234590043,2023-09-03 00:00:00,12300186,Масло 186,105.33333333333333,Кг,511
1234590084,2023-09-03 00:00:00,1230069,Масло 69,69,Кг,533
1234590104,2023-09-05 00:00:00,1230028,Масло 28,204,Кг,511
1234590149,2023-09-05 00:00:00,12300249,Масло 249,139.5,Кг,533
1234590176,2023-09-05 00:00:00,12300171,Масло 171,35.5,Кг,533
1234590252,2023-09-06 00:00:00,1230099,Масло 99,380,Кг,533
1234590271,2023-09-06 00:00:00,12300103,Масло 103,20,Кг,511
1234590280,2023-09-06 00:00:00,12300257,Масло 257,53.4,Кг,511
1234590304,2023-09-08 00:00:00,12300158,Масло 158,30,Кг,544
1234590331,2023-09-08 00:00:00,12300114,Масло 114,41.6,Кг,511
1234590357,2023-09-08 00:00:00,12300201,Масло 201,54.6,Кг,522
1234590441,2023-09-09 00:00:00,1230097,Масло 97,83,Кг,522
1234590489,2023-09-09 00:00:00,1230092,Масло 92,126,Кг,511
1234590535,2023-09-13 00:00:00,1230068,Масло 68,16.6,Кг,522
1234590552,2023-09-14 00:00:00,12300284,Масло 284,100,Кг,555
1234590643,2023-09-14 00:00:00,12300299,Масло 299,4,Кг,544
1234590671,2023-09-15 00:00:00,1230038,Масло 38,100,Кг,544
1234590761,2023-09-16 00:00:00,12300177,Масло 177,160,Кг,533
1234590839,2023-09-16 00:00:00,1230029,Масло 29,122,Кг,555
1234590882,2023-09-17 00:00:00,12300215,Масло 215,184,Кг,555
1234590947,2023-09-18 00:00:00,12300221,Масло 221,30,Кг,511
1234590989,2023-09-19 00:00:00,1230023,Масло 23,111.6,Кг,511
1234591058,2023-09-19 00:00:00,12300241,Масло 241,80,Кг,555
1234591128,2023-09-20 00:00:00,12300199,Масло 199,176,Кг,555
1234591185,2023-09-22 00:00:00,1230025,Масло 25,27.333333333333332,Кг,522
1234591216,2023-09-22 00:00:00,12300158,Масло 158,249,Кг,522
1234591269,2023-09-25 00:00:00,12300280,Масло 280,1.5,Кг,522
1234591359,2023-09-26 00:00:00,1230073,Масло 73,150,Кг,511
1234591442,2023-09-26 00:00:00,12300101,Масло 101,8.5,Кг,544
1234591480,2023-09-26 00:00:00,12300196,Масло 196,76,Кг,522
1234591544,2023-09-26 00:00:00,12300224,Масло 224,19.5,Кг,533
1234591560,2023-09-28 00:00:00,12300221,Масло 221,21.6,Кг,533
1234591579,2023-09-29 00:00:00,12300186,Масло 186,172,Кг,522
1234591623,2023-09-29 00:00:00,12300128,Масло 128,62,Кг,522
1234591708,2023-10-01 00:00:00,12300197,Масло 197,21,Кг,533
1234591713,2023-10-01 00:00:00,12300117,Масло 117,30,Кг,522
1234591744,2023-10-02 00:00:00,12300240,Масло 240,44,Кг,544
1234591797,2023-10-03 00:00:00,12300236,Масло 236,38.5,Кг,533
1234591875,2023-10-03 00:00:00,12300271,Масло 271,388,Кг,555
1234591942,2023-10-04 00:00:00,1230043,Масло 43,67,Кг,533
1234591991,2023-10-05 00:00:00,1230082,Масло 82,45,Кг,511
1234592059,2023-10-05 00:00:00,1230033,Масло 33,17,Кг,522
1234592102,2023-10-07 00:00:00,1230011,Масло 11,86,Кг,555
1234592133,2023-10-07 00:00:00,1230030,Масло 30,24.666666666666668,Кг,522
1234592168,2023-10-08 00:00:00,12300189,Масло 189,37,Кг,522
1234592268,2023-10-08 00:00:00,12300182,Масло 182,67,Кг,522
1234592304,2023-10-10 00:00:00,12300236,Масло 236,62,Кг,533
1234592359,2023-10-10 00:00:00,12300275,Масло 275,4.5,Кг,522
1234592429,2023-10-10 00:00:00,1230096,Масло 96,54,Кг,544
1234592470,2023-10-12 00:00:00,12300101,Масло 101,45,Кг,533
1234592543,2023-10-13 00:00:00,1230093,Масло 93,51.666666666666664,Кг,544
1234592630,2023-10-13 00:00:00,12300247,Масло 247,92,Кг,511
1234592718,2023-10-16 00:00:00,12300244,Масло 244,115,Кг,555
1234592806,2023-10-18 00:00:00,1230033,Масло 33,582,Кг,511
1234592889,2023-10-19 00:00:00,12300133,Масло 133,33.6,Кг,522
1234592911,2023-10-20 00:00:00,12300240,Масло 240,9,Кг,511
1234592988,2023-10-20 00:00:00,1230062,Масло 62,248,Кг,555
1234593076,2023-10-21 00:00:00,12300177,Масло 177,33,Кг,544
1234593126,2023-10-21 00:00:00,12300247,Масло 247,63,Кг,533
1234593176,2023-10-21 00:00:00,1230086,Масло 86,39.333333333333336,Кг,511
1234593192,2023-10-22 00:00:00,12300153,Масло 153,63,Кг,522
1234593270,2023-10-22 00:00:00,12300144,Масло 144,228,Кг,533
1234593339,2023-10-23 00:00:00,12300196,Масло 196,2.5,Кг,555
1234593355,2023-10-25 00:00:00,12300172,Масло 172,20,Кг,544
1234593396,2023-10-26 00:00:00,12300147,Масло 147,93,Кг,522
1234593428,2023-10-27 00:00:00,12300149,Масло 149,184,Кг,522
1234593438,2023-10-28 00:00:00,12300233,Масло 233,72.5,Кг,544
1234593507,2023-10-30 00:00:00,12300267,Масло 267,12.666666666666666,Кг,522
1234593531,2023-11-01 00:00:00,12300156,Масло 156,47,Кг,533
1234593553,2023-11-01 00:00:00,12300191,Масло 191,140,Кг,544
1234593600,2023-11-02 00:00:00,1230019,Масло 19,280,Кг,555
1234593608,2023-11-03 00:00:00,1230077,Масло 77,162.5,Кг,522
1234593637,2023-11-03 00:00:00,12300238,Масло 238,177,Кг,555
1234593686,2023-11-03 00:00:00,12300292,Масло 292,15.5,Кг,511
1234593703,2023-11-05 00:00:00,12300140,Масло 140,100,Кг,533
1234593802,2023-11-06 00:00:00,1230067,Масло 67,5,Кг,522
1234593851,2023-11-06 00:00:00,12300211,Масло 211,15,Кг,555
1234593949,2023-11-07 00:00:00,12300244,Масло 244,18.75,Кг,511
1234594037,2023-11-07 00:00:00,12300152,Масло 152,122.5,Кг,522
1234594118,2023-11-08 00:00:00,1230017,Масло 17,75.6,Кг,533
1234594151,2023-11-08 00:00:00,12300160,Масло 160,546,Кг,555
1234594166,2023-11-09 00:00:00,12300270,Масло 270,18.5,Кг,555
1234594237,2023-11-10 00:00:00,12300104,Масло 104,102,Кг,533
1234594245,2023-11-11 00:00:00,12300204,Масло 204,1,Кг,533
1234594336,2023-11-11 00:00:00,1230046,Масло 46,195,Кг,522
1234594344,2023-11-11 00:00:00,12300197,Масло 197,40,Кг,522
1234594369,2023-11-11 00:00:00,12300154,Масло 154,370,Кг,511
1234594465,2023-11-11 00:00:00,12300280,Масло 280,14,Кг,522
1234594516,2023-11-11 00:00:00,12300171,Масло 171,60,Кг,533
1234594608,2023-11-11 00:00:00,12300262,Масло 262,305,Кг,555
1234594685,2023-11-11 00:00:00,12300267,Масло 267,14,Кг,555
1234594768,2023-11-11 00:00:00,12300210,Масло 210,24,Кг,522
1234594848,2023-11-13 00:00:00,12300226,Масло 226,51,Кг,511
1234594923,2023-11-14 00:00:00,12300163,Масло 163,96,Кг,555
1234594973,2023-11-14 00:00:00,1230046,Масло 46,8,Кг,555
1234595050,2023-11-16 00:00:00,1230057,Масло 57,25.333333333333332,Кг,555
1234595083,2023-11-17 00:00:00,1230057,Масло 57,42,Кг,511
1234595181,2023-11-17 00:00:00,12300120,Масло 120,192,Кг,533
1234595245,2023-11-20 00:00:00,1230071,Масло 71,28.8,Кг,544
1234595344,2023-11-21 00:00:00,12300273,Масло 273,46,Кг,555
1234595372,2023-11-22 00:00:00,1230045,Масло 45,116.4,Кг,522
1234595445,2023-11-22 00:00:00,12300119,Масло 119,240,Кг,544
1234595494,2023-11-23 00:00:00,12300104,Масло 104,408,Кг,544
1234595579,2023-11-25 00:00:00,12300177,Масло 177,33,Кг,511
1234595656,2023-11-25 00:00:00,12300199,Масло 199,95,Кг,511
1234595707,2023-11-26 00:00:00,12300194,Масло 194,9.5,Кг,555
1234595792,2023-11-26 00:00:00,1230069,Масло 69,105,Кг,533
1234595857,2023-11-28 00:00:00,12300170,Масло 170,85.2,Кг,533
1234595891,2023-11-28 00:00:00,12300211,Масло 211,11,Кг,511
1234595913,2023-11-29 00:00:00,12300196,Масло 196,25,Кг,555
1234595919,2023-12-01 00:00:00,1230042,Масло 42,245,Кг,544
1234595966,2023-12-03 00:00:00,1230042,Масло 42,23.25,Кг,522
1234596042,2023-12-03 00:00:00,123007,Масло 7,13.25,Кг,522
1234596107,2023-12-05 00:00:00,1230012,Масло 12,80,Кг,511
1234596118,2023-12-06 00:00:00,12300110,Масло 110,83,Кг,555
1234596212,2023-12-06 00:00:00,12300178,Масло 178,96,Кг,555
1234596281,2023-12-07 00:00:00,1230079,Масло 79,21.75,Кг,555
1234596335,2023-12-08 00:00:00,12300196,Масло 196,43.5,Кг,533
1234596358,2023-12-08 00:00:00,1230028,Масло 28,20,Кг,544
1234596368,2023-12-08 00:00:00,12300245,Масло 245,64,Кг,555
1234596448,2023-12-09 00:00:00,12300172,Масло 172,15,Кг,522
1234596542,2023-12-09 00:00:00,12300110,Масло 110,168,Кг,533
1234596608,2023-12-10 00:00:00,1230070,Масло 70,152,Кг,533
1234596640,2023-12-10 00:00:00,12300204,Масло 204,80,Кг,533
1234596728,2023-12-11 00:00:00,12300102,Масло 102,25.5,Кг,533
1234596734,2023-12-12 00:00:00,12300272,Масло 272,4.8,Кг,511
1234596771,2023-12-12 00:00:00,1230086,Масло 86,24,Кг,544
1234596810,2023-12-13 00:00:00,12300288,Масло 288,10,Кг,533
1234596879,2023-12-13 00:00:00,12300218,Масло 218,71,Кг,555
1234596975,2023-12-14 00:00:00,12300178,Масло 178,7,Кг,522
1234597044,2023-12-14 00:00:00,1230036,Масло 36,18.666666666666668,Кг,522
1234597061,2023-12-18 00:00:00,12300192,Масло 192,18.25,Кг,511
1234597096,2023-12-18 00:00:00,12300272,Масло 272,188,Кг,555
1234597188,2023-12-19 00:00:00,12300280,Масло 280,1.25,Кг,555
1234597241,2023-12-20 00:00:00,1230038,Масло 38,12.25,Кг,511
1234597278,2023-12-20 00:00:00,12300299,Масло 299,146.66666666666666,Кг,522
1234597338,2023-12-21 00:00:00,1230015,Масло 15,106,Кг,522
1234597408,2023-12-21 00:00:00,12300104,Масло 104,139.5,Кг,555
1234597421,2023-12-22 00:00:00,12300178,Масло 178,115,Кг,533
1234597450,2023-12-24 00:00:00,12300277,Масло 277,1,Кг,533
1234597512,2023-12-25 00:00:00,12300152,Масло 152,292,Кг,511
1234597577,2023-12-27 00:00:00,1230032,Масло 32,1.25,Кг,544
1234597653,2023-12-28 00:00:00,12300133,Масло 133,38,Кг,511
1234597732,2023-12-28 00:00:00,12300149,Масло 149,186,Кг,544
1234597804,2023-12-28 00:00:00,1230017,Масло 17,230,Кг,555
1234597823,2023-12-29 00:00:00,12300173,Масло 173,68,Кг,533
1234597833,2023-12-29 00:00:00,12300174,Масло 174,58,Кг,544
1234597894,2023-12-31 00:00:00,1230010,Масло 10,128,Кг,544
1234597905,2024-01-01 00:00:00,12300168,Масло 168,82,Кг,555
1234597947,2024-01-02 00:00:00,12300163,Масло 163,56.4,Кг,522
1234598013,2024-01-02 00:00:00,1230046,Масло 46,14.75,Кг,544
1234598101,2024-01-02 00:00:00,1230086,Масло 86,57,Кг,522
1234598156,2024-01-03 00:00:00,12300221,Масло 221,48,Кг,511
1234598229,2024-01-03 00:00:00,12300110,Масло 110,82,Кг,544
1234598261,2024-01-04 00:00:00,1230057,Масло 57,17.4,Кг,555
1234598308,2024-01-05 00:00:00,12300196,Масло 196,15.6,Кг,533
1234598356,2024-01-06 00:00:00,12300103,Масло 103,12,Кг,511
1234598430,2024-01-06 00:00:00,12300279,Масло 279,25.5,Кг,522
1234598522,2024-01-09 00:00:00,1230033,Масло 33,110,Кг,544
1234598560,2024-01-09 00:00:00,12300164,Масло 164,99,Кг,511
1234598573,2024-01-10 00:00:00,12300226,Масло 226,10.5,Кг,522
1234598634,2024-01-10 00:00:00,12300114,Масло 114,66,Кг,544
1234598651,2024-01-12 00:00:00,12300228,Масло 228,9.666666666666666,Кг,533
1234598734,2024-01-13 00:00:00,12300192,Масло 192,44,Кг,511
1234598808,2024-01-13 00:00:00,1230050,Масло 50,50,Кг,522
1234598824,2024-01-14 00:00:00,12300222,Масло 222,9.6,Кг,522
1234598911,2024-01-16 00:00:00,12300234,Масло 234,87,Кг,511
1234598993,2024-01-17 00:00:00,1230064,Масло 64,25,Кг,555
1234599093,2024-01-18 00:00:00,1230055,Масло 55,55,Кг,522
1234599144,2024-01-20 00:00:00,12300137,Масло 137,37.333333333333336,Кг,511
1234599181,2024-01-21 00:00:00,12300230,Масло 230,118,Кг,544
1234599277,2024-01-23 00:00:00,12300235,Масло 235,66,Кг,522
1234599308,2024-01-23 00:00:00,12300187,Масло 187,21,Кг,533
1234599376,2024-01-24 00:00:00,12300155,Масло 155,320,Кг,533
1234599388,2024-01-25 00:00:00,12300258,Масло 258,50.4,Кг,533
1234599421,2024-01-26 00:00:00,1230038,Масло 38,96,Кг,544
1234599441,2024-01-27 00:00:00,12300228,Масло 228,5,Кг,544
1234599450,2024-01-27 00:00:00,12300208,Масло 208,61,Кг,522
1234599533,2024-01-28 00:00:00,12300185,Масло 185,17,Кг,533
1234599558,2024-01-29 00:00:00,12300155,Масло 155,32,Кг,533
1234599635,2024-01-30 00:00:00,1230034,Масло 34,4.8,Кг,522
1234599676,2024-02-01 00:00:00,1230039,Масло 39,85,Кг,522
1234599700,2024-02-02 00:00:00,1230095,Масло 95,16,Кг,555
1234599722,2024-02-03 00:00:00,12300127,Масло 127,80,Кг,511
1234599820,2024-02-03 00:00:00,12300121,Масло 121,16.6,Кг,544
1234599864,2024-02-07 00:00:00,12300225,Масло 225,204,Кг,544
1234599898,2024-02-08 00:00:00,12300244,Масло 244,49,Кг,511
1234599923,2024-02-08 00:00:00,1230076,Масло 76,63,Кг,522
1234599946,2024-02-08 00:00:00,12300140,Масло 140,37.6,Кг,555
1234600026,2024-02-09 00:00:00,12300152,Масло 152,7,Кг,511
1234600091,2024-02-09 00:00:00,12300231,Масло 231,194,Кг,533
1234600185,2024-02-09 00:00:00,1230091,Масло 91,196,Кг,511
1234600269,2024-02-11 00:00:00,1230060,Масло 60,164,Кг,533
1234600302,2024-02-11 00:00:00,12300249,Масло 249,7.25,Кг,511
1234600347,2024-02-12 00:00:00,12300192,Масло 192,47,Кг,544
1234600445,2024-02-14 00:00:00,12300143,Масло 143,14,Кг,511
1234600503,2024-02-14 00:00:00,12300263,Масло 263,68.8,Кг,533
1234600518,2024-02-14 00:00:00,123003,Масло 3,53.333333333333336,Кг,533
1234600547,2024-02-15 00:00:00,12300170,Масло 170,45,Кг,511
1234600608,2024-02-15 00:00:00,12300231,Масло 231,21,Кг,522
1234600626,2024-02-15 00:00:00,1230082,Масло 82,2.4,Кг,511
1234600645,2024-02-16 00:00:00,12300127,Масло 127,158,Кг,533
1234600743,2024-02-16 00:00:00,12300243,Масло 243,7.2,Кг,544
1234600757,2024-02-17 00:00:00,12300122,Масло 122,110,Кг,544
1234600857,2024-02-17 00:00:00,12300220,Масло 220,210,Кг,555
1234600904,2024-02-17 00:00:00,12300188,Масло 188,13.5,Кг,555
1234600923,2024-02-17 00:00:00,12300224,Масло 224,12.8,Кг,533
1234601011,2024-02-18 00:00:00,12300186,Масло 186,16.25,Кг,544
1234601043,2024-02-18 00:00:00,12300175,Масло 175,45,Кг,522
1234601083,2024-02-19 00:00:00,123006,Масло 6,115,Кг,533
1234601107,2024-02-19 00:00:00,12300271,Масло 271,115.5,Кг,533
1234601184,2024-02-22 00:00:00,1230015,Масло 15,14,Кг,555
1234601218,2024-02-23 00:00:00,1230030,Масло 30,30,Кг,533
1234601293,2024-02-23 00:00:00,12300219,Масло 219,33.5,Кг,533
1234601343,2024-02-24 00:00:00,12300296,Масло 296,7,Кг,533
1234601351,2024-02-24 00:00:00,1230077,Масло 77,157.5,Кг,522
1234601401,2024-02-24 00:00:00,12300223,Масло 223,21,Кг,555
1234601477,2024-02-25 00:00:00,12300126,Масло 126,9,Кг,555
1234601504,2024-02-25 00:00:00,12300222,Масло 222,1.5,Кг,533
1234601540,2024-02-25 00:00:00,12300292,Масло 292,364,Кг,555
1234601615,2024-02-26 00:00:00,1230070,Масло 70,158.33333333333334,Кг,533
1234601637,2024-02-27 00:00:00,12300163,Масло 163,21.5,Кг,522
1234601685,2024-02-28 00:00:00,1230014,Масло 14,22.5,Кг,522
1234601740,2024-03-01 00:00:00,1230035,Масло 35,63.333333333333336,Кг,522
1234601765,2024-03-02 00:00:00,12300103,Масло 103,66,Кг,544
1234601805,2024-03-04 00:00:00,12300189,Масло 189,43.5,Кг,544
1234601858,2024-03-04 00:00:00,12300123,Масло 123,6,Кг,555
1234601895,2024-03-09 00:00:00,1230066,Масло 66,54,Кг,533
1234601926,2024-03-09 00:00:00,12300138,Масло 138,204,Кг,522
1234602005,2024-03-10 00:00:00,1230082,Масло 82,153.33333333333334,Кг,555
1234602018,2024-03-13 00:00:00,12300148,Масло 148,8,Кг,555
1234602054,2024-03-14 00:00:00,1230035,Масло 35,18,Кг,533
1234602086,2024-03-15 00:00:00,12300150,Масло 150,36,Кг,511
1234602128,2024-03-15 00:00:00,12300145,Масло 145,200,Кг,533
1234602183,2024-03-15 00:00:00,1230054,Масло 54,45.6,Кг,544
1234602237,2024-03-17 00:00:00,12300205,Масло 205,48,Кг,544
1234602305,2024-03-17 00:00:00,1230073,Масло 73,32.5,Кг,555
1234602317,2024-03-19 00:00:00,12300140,Масло 140,25,Кг,533
1234602327,2024-03-22 00:00:00,1230026,Масло 26,33.6,Кг,533
1234602383,2024-03-22 00:00:00,1230070,Масло 70,21.6,Кг,533
1234602419,2024-03-23 00:00:00,12300171,Масло 171,54,Кг,511
1234602478,2024-03-23 00:00:00,12300103,Масло 103,5.4,Кг,533
1234602571,2024-03-23 00:00:00,12300149,Масло 149,92,Кг,533
1234602619,2024-03-24 00:00:00,12300250,Масло 250,111.66666666666667,Кг,533
1234602631,2024-03-25 00:00:00,1230039,Масло 39,38.5,Кг,522
1234602673,2024-03-26 00:00:00,12300289,Масло 289,29.2,Кг,544
1234602760,2024-03-26 00:00:00,1230056,Масло 56,10.8,Кг,511
1234602785,2024-03-27 00:00:00,1230074,Масло 74,72,Кг,555
1234602845,2024-03-28 00:00:00,12300168,Масло 168,120,Кг,555
1234602939,2024-03-29 00:00:00,123002,Масло 2,17,Кг,511
1234603015,2024-03-29 00:00:00,12300293,Масло 293,7.5,Кг,533
1234603039,2024-03-30 00:00:00,12300138,Масло 138,82,Кг,533
1234603132,2024-03-31 00:00:00,1230095,Масло 95,5.4,Кг,555
1234603196,2024-04-03 00:00:00,1230036,Масло 36,80,Кг,555
1234603222,2024-04-03 00:00:00,12300173,Масло 173,36.8,Кг,555
1234603300,2024-04-03 00:00:00,12300256,Масло 256,37.2,Кг,522
1234603350,2024-04-04 00:00:00,12300264,Масло 264,14,Кг,544
1234603390,2024-04-05 00:00:00,12300278,Масло 278,78,Кг,555
1234603436,2024-04-06 00:00:00,12300120,Масло 120,190,Кг,522
1234603530,2024-04-07 00:00:00,12300115,Масло 115,58.666666666666664,Кг,544
1234603630,2024-04-10 00:00:00,12300180,Масло 180,8,Кг,511
1234603693,2024-04-11 00:00:00,12300101,Масло 101,45.75,Кг,533
1234603763,2024-04-11 00:00:00,12300246,Масло 246,113.33333333333333,Кг,511
1234603806,2024-04-12 00:00:00,12300241,Масло 241,32,Кг,522
1234603837,2024-04-13 00:00:00,12300295,Масло 295,82,Кг,544
1234603917,2024-04-13 00:00:00,1230052,Масло 52,94,Кг,544
1234603923,2024-04-13 00:00:00,12300215,Масло 215,13.6,Кг,544
1234603944,2024-04-14 00:00:00,1230019,Масло 19,600,Кг,533
1234603963,2024-04-14 00:00:00,12300285,Масло 285,77.33333333333333,Кг,511
1234604030,2024-04-15 00:00:00,1230097,Масло 97,368,Кг,555
1234604084,2024-04-15 00:00:00,12300149,Масло 149,344,Кг,533
1234604110,2024-04-16 00:00:00,12300258,Масло 258,56,Кг,555
1234604137,2024-04-18 00:00:00,12300142,Масло 142,8.333333333333334,Кг,522
1234604201,2024-04-18 00:00:00,12300127,Масло 127,498,Кг,533
1234604227,2024-04-18 00:00:00,12300219,Масло 219,31,Кг,533
1234604326,2024-04-18 00:00:00,12300192,Масло 192,45,Кг,533
1234604411,2024-04-19 00:00:00,1230056,Масло 56,32.4,Кг,555
1234604417,2024-04-22 00:00:00,1230089,Масло 89,6.25,Кг,533
1234604451,2024-04-23 00:00:00,12300283,Масло 283,156,Кг,522
1234604522,2024-04-24 00:00:00,1230093,Масло 93,8,Кг,511
1234604527,2024-04-24 00:00:00,12300170,Масло 170,2,Кг,555
1234604543,2024-04-26 00:00:00,123005,Масло 5,90,Кг,522
1234604578,2024-04-29 00:00:00,123001,Масло 1,98.75,Кг,544
1234604660,2024-04-30 00:00:00,1230085,Масло 85,10.6,Кг,511
1234604676,2024-04-30 00:00:00,12300186,Масло 186,90,Кг,555
1234604697,2024-05-01 00:00:00,1230079,Масло 79,78,Кг,522
1234604793,2024-05-01 00:00:00,12300179,Масло 179,123,Кг,533
1234604839,2024-05-01 00:00:00,12300100,Масло 100,231,Кг,533
1234604867,2024-05-02 00:00:00,12300150,Масло 150,184,Кг,511
1234604882,2024-05-02 00:00:00,12300266,Масло 266,375,Кг,522
1234604964,2024-05-02 00:00:00,12300121,Масло 121,246,Кг,555
1234605055,2024-05-03 00:00:00,1230073,Масло 73,82,Кг,533
1234605068,2024-05-04 00:00:00,12300165,Масло 165,102,Кг,511
1234605157,2024-05-04 00:00:00,12300116,Масло 116,30.666666666666668,Кг,544
1234605247,2024-05-04 00:00:00,12300144,Масло 144,15,Кг,522
1234605291,2024-05-05 00:00:00,12300105,Масло 105,88,Кг,522
1234605324,2024-05-06 00:00:00,1230033,Масло 33,48,Кг,522
1234605393,2024-05-06 00:00:00,12300198,Масло 198,13,Кг,533
1234605488,2024-05-07 00:00:00,12300143,Масло 143,440,Кг,544
1234605522,2024-05-07 00:00:00,12300253,Масло 253,69.6,Кг,544
1234605598,2024-05-07 00:00:00,12300204,Масло 204,48,Кг,511
1234605627,2024-05-08 00:00:00,12300129,Масло 129,158.33333333333334,Кг,511
1234605726,2024-05-08 00:00:00,1230048,Масло 48,19.4,Кг,533
1234605809,2024-05-08 00:00:00,12300286,Масло 286,154,Кг,533
1234605840,2024-05-08 00:00:00,1230014,Масло 14,156,Кг,511
1234605856,2024-05-09 00:00:00,1230028,Масло 28,79.5,Кг,522
1234605882,2024-05-09 00:00:00,1230044,Масло 44,2,Кг,555
1234605977,2024-05-10 00:00:00,12300285,Масло 285,57,Кг,511
1234606052,2024-05-10 00:00:00,1230066,Масло 66,84,Кг,544
1234606118,2024-05-11 00:00:00,12300167,Масло 167,23.333333333333332,Кг,511
1234606162,2024-05-11 00:00:00,12300129,Масло 129,192,Кг,544
1234606220,2024-05-12 00:00:00,12300251,Масло 251,18.8,Кг,555
1234606252,2024-05-13 00:00:00,1230034,Масло 34,57.5,Кг,511
1234606268,2024-05-14 00:00:00,12300198,Масло 198,225,Кг,544
1234606364,2024-05-19 00:00:00,1230049,Масло 49,90,Кг,544
1234606456,2024-05-19 00:00:00,1230085,Масло 85,54,Кг,511
1234606498,2024-05-20 00:00:00,12300161,Масло 161,42,Кг,522
1234606536,2024-05-20 00:00:00,12300125,Масло 125,33,Кг,544
1234606604,2024-05-20 00:00:00,1230091,Масло 91,144,Кг,522
1234606681,2024-05-21 00:00:00,1230066,Масло 66,15.5,Кг,511
1234606704,2024-05-21 00:00:00,12300297,Масло 297,48,Кг,544
1234606749,2024-05-22 00:00:00,12300188,Масло 188,11.333333333333334,Кг,555
1234606789,2024-05-22 00:00:00,12300238,Масло 238,31,Кг,544
1234606866,2024-05-23 00:00:00,12300255,Масло 255,6,Кг,544
1234606889,2024-05-23 00:00:00,123006,Масло 6,58,Кг,522
1234606897,2024-05-23 00:00:00,12300200,Масло 200,133.33333333333334,Кг,522
1234606934,2024-05-23 00:00:00,12300178,Масло 178,124,Кг,555
1234607002,2024-05-23 00:00:00,12300276,Масло 276,85,Кг,533
1234607073,2024-05-24 00:00:00,12300176,Масло 176,29,Кг,555
1234607113,2024-05-24 00:00:00,1230066,Масло 66,247.5,Кг,522
1234607122,2024-05-25 00:00:00,1230048,Масло 48,42.4,Кг,522
1234607188,2024-05-26 00:00:00,12300189,Масло 189,17.333333333333332,Кг,555
1234607210,2024-05-27 00:00:00,12300210,Масло 210,56,Кг,533
1234607248,2024-05-27 00:00:00,123002,Масло 2,49.5,Кг,522
1234607329,2024-05-28 00:00:00,1230056,Масло 56,76,Кг,511
1234607366,2024-05-28 00:00:00,12300132,Масло 132,26.25,Кг,522
1234607386,2024-05-29 00:00:00,12300239,Масло 239,8,Кг,522
1234607478,2024-05-29 00:00:00,12300272,Масло 272,86.25,Кг,511
1234607516,2024-05-30 00:00:00,123007,Масло 7,62,Кг,533
1234607596,2024-05-30 00:00:00,12300238,Масло 238,98,Кг,544
1234607669,2024-05-31 00:00:00,1230091,Масло 91,180,Кг,555
1234607677,2024-05-31 00:00:00,12300171,Масло 171,261,Кг,555
1234607742,2024-06-01 00:00:00,1230091,Масло 91,258,Кг,511
1234607767,2024-06-01 00:00:00,12300193,Масло 193,1.6666666666666667,Кг,522
1234607816,2024-06-01 00:00:00,12300248,Масло 248,225,Кг,555
1234607843,2024-06-03 00:00:00,12300258,Масло 258,51,Кг,544
1234607942,2024-06-03 00:00:00,12300245,Масло 245,114,Кг,533
1234607999,2024-06-04 00:00:00,12300290,Масло 290,76,Кг,511
1234608040,2024-06-05 00:00:00,1230024,Масло 24,79,Кг,522
1234608048,2024-06-07 00:00:00,12300121,Масло 121,62,Кг,533
1234608136,2024-06-07 00:00:00,1230046,Масло 46,4,Кг,533
1234608229,2024-06-07 00:00:00,1230067,Масло 67,109.5,Кг,555
1234608309,2024-06-07 00:00:00,12300277,Масло 277,216,Кг,533
1234608348,2024-06-09 00:00:00,12300296,Масло 296,465,Кг,522
1234608430,2024-06-13 00:00:00,12300197,Масло 197,196,Кг,511
1234608524,2024-06-13 00:00:00,12300297,Масло 297,97,Кг,522
1234608616,2024-06-14 00:00:00,1230070,Масло 70,54.75,Кг,533
1234608625,2024-06-15 00:00:00,1230082,Масло 82,82,Кг,511
1234608639,2024-06-17 00:00:00,12300240,Масло 240,55.333333333333336,Кг,533
1234608726,2024-06-17 00:00:00,12300166,Масло 166,15,Кг,555
1234608809,2024-06-18 00:00:00,12300165,Масло 165,49.2,Кг,555
1234608892,2024-06-19 00:00:00,1230032,Масло 32,21,Кг,544
1234608929,2024-06-19 00:00:00,12300203,Масло 203,1,Кг,533
1234608990,2024-06-20 00:00:00,1230047,Масло 47,376,Кг,511
1234609066,2024-06-20 00:00:00,12300267,Масло 267,101.25,Кг,533
1234609134,2024-06-21 00:00:00,1230011,Масло 11,172.5,Кг,511
1234609170,2024-06-21 00:00:00,1230014,Масло 14,86,Кг,511
1234609185,2024-06-21 00:00:00,12300160,Масло 160,57,Кг,544
1234609221,2024-06-22 00:00:00,12300117,Масло 117,40.5,Кг,555
1234609248,2024-06-24 00:00:00,12300160,Масло 160,243,Кг,544
1234609310,2024-06-24 00:00:00,1230036,Масло 36,27,Кг,533
1234609384,2024-06-25 00:00:00,12300157,Масло 157,67.5,Кг,555
1234609420,2024-06-27 00:00:00,12300278,Масло 278,120,Кг,555
1234609503,2024-06-27 00:00:00,1230045,Масло 45,97,Кг,533
1234609510,2024-06-28 00:00:00,1230011,Масло 11,20,Кг,522
1234609604,2024-06-29 00:00:00,1230068,Масло 68,92,Кг,522
1234609623,2024-06-30 00:00:00,1230069,Масло 69,5.666666666666667,Кг,555
1234609655,2024-06-30 00:00:00,1230045,Масло 45,100,Кг,544
1234609664,2024-06-30 00:00:00,12300282,Масло 282,227.5,Кг,544
1234609684,2024-07-02 00:00:00,1230074,Масло 74,37.6,Кг,555
1234609707,2024-07-02 00:00:00,1230076,Масло 76,54,Кг,511
1234609756,2024-07-03 00:00:00,12300197,Масло 197,190,Кг,555
1234609775,2024-07-06 00:00:00,1230049,Масло 49,0.5,Кг,522
1234609834,2024-07-07 00:00:00,12300238,Масло 238,13.2,Кг,533
1234609839,2024-07-07 00:00:00,12300297,Масло 297,48,Кг,533
1234609901,2024-07-08 00:00:00,12300275,Масло 275,52.5,Кг,533
1234609978,2024-07-09 00:00:00,1230060,Масло 60,14,Кг,555
1234610019,2024-07-09 00:00:00,12300277,Масло 277,39.2,Кг,511
1234610099,2024-07-10 00:00:00,12300251,Масло 251,74,Кг,544
1234610193,2024-07-10 00:00:00,12300241,Масло 241,30,Кг,522
1234610207,2024-07-13 00:00:00,1230093,Масло 93,71.25,Кг,522
1234610271,2024-07-13 00:00:00,1230075,Масло 75,33.2,Кг,533
1234610339,2024-07-15 00:00:00,1230039,Масло 39,64.66666666666667,Кг,544
1234610395,2024-07-16 00:00:00,12300173,Масло 173,24.5,Кг,511
1234610495,2024-07-16 00:00:00,12300197,Масло 197,9.6,Кг,511
1234610583,2024-07-19 00:00:00,1230019,Масло 19,28.8,Кг,544
1234610652,2024-07-19 00:00:00,12300183,Масло 183,3,Кг,522
1234610751,2024-07-20 00:00:00,1230034,Масло 34,140,Кг,533
1234610757,2024-07-20 00:00:00,1230058,Масло 58,34.8,Кг,544
1234610834,2024-07-21 00:00:00,12300267,Масло 267,32.5,Кг,555
1234610857,2024-07-21 00:00:00,12300106,Масло 106,118.66666666666667,Кг,555
1234610922,2024-07-21 00:00:00,12300250,Масло 250,35,Кг,533
1234611005,2024-07-23 00:00:00,12300295,Масло 295,243,Кг,533
1234611034,2024-07-24 00:00:00,1230033,Масло 33,123,Кг,544
1234611082,2024-07-26 00:00:00,12300164,Масло 164,33,Кг,544
1234611147,2024-07-27 00:00:00,1230045,Масло 45,70,Кг,511
1234611209,2024-07-27 00:00:00,1230074,Масло 74,78.75,Кг,555
1234611235,2024-07-29 00:00:00,1230084,Масло 84,64,Кг,522
1234611252,2024-07-29 00:00:00,12300282,Масло 282,83,Кг,522
1234611311,2024-07-30 00:00:00,1230032,Масло 32,42,Кг,533
1234611377,2024-07-30 00:00:00,12300110,Масло 110,56,Кг,544
1234611436,2024-07-31 00:00:00,12300254,Масло 254,95,Кг,533
1234611529,2024-07-31 00:00:00,12300117,Масло 117,37.5,Кг,544
1234611566,2024-07-31 00:00:00,12300219,Масло 219,75,Кг,544
1234611649,2024-07-31 00:00:00,12300186,Масло 186,36,Кг,533
1234611733,2024-07-31 00:00:00,12300241,Масло 241,37.5,Кг,544
1234611783,2024-08-02 00:00:00,12300119,Масло 119,91,Кг,533
1234611847,2024-08-02 00:00:00,12300214,Масло 214,0.2,Кг,511
1234611945,2024-08-03 00:00:00,1230061,Масло 61,57.6,Кг,555
1234611992,2024-08-03 00:00:00,12300245,Масло 245,28,Кг,555
1234612021,2024-08-06 00:00:00,12300215,Масло 215,29,Кг,522
1234612089,2024-08-06 00:00:00,12300107,Масло 107,37,Кг,511
1234612120,2024-08-08 00:00:00,12300281,Масло 281,12,Кг,533
1234612157,2024-08-08 00:00:00,123001,Масло 1,49,Кг,511
1234612248,2024-08-09 00:00:00,12300178,Масло 178,98,Кг,555
1234612253,2024-08-10 00:00:00,12300132,Масло 132,112.8,Кг,544
1234612349,2024-08-10 00:00:00,12300203,Масло 203,8,Кг,533
1234612408,2024-08-10 00:00:00,123006,Масло 6,26,Кг,511
1234612428,2024-08-11 00:00:00,12300100,Масло 100,18,Кг,511
1234612461,2024-08-16 00:00:00,1230061,Масло 61,167.5,Кг,533
1234612550,2024-08-20 00:00:00,12300234,Масло 234,58,Кг,511
1234612558,2024-08-22 00:00:00,12300167,Масло 167,152,Кг,533
1234612644,2024-08-23 00:00:00,12300187,Масло 187,69,Кг,511
1234612673,2024-08-24 00:00:00,12300185,Масло 185,100,Кг,522
1234612680,2024-08-25 00:00:00,12300178,Масло 178,140,Кг,544
1234612748,2024-08-26 00:00:00,12300259,Масло 259,35,Кг,511
1234612799,2024-08-26 00:00:00,12300112,Масло 112,196,Кг,555
1234612887,2024-08-27 00:00:00,12300229,Масло 229,135,Кг,544
1234612892,2024-08-29 00:00:00,12300147,Масло 147,35,Кг,533
1234612939,2024-08-30 00:00:00,12300119,Масло 119,27,Кг,544
1234612999,2024-08-31 00:00:00,1230016,Масло 16,160,Кг,533
1234613034,2024-08-31 00:00:00,12300237,Масло 237,37.5,Кг,522
1234613117,2024-09-01 00:00:00,12300220,Масло 220,42.75,Кг,511
1234613190,2024-09-01 00:00:00,1230054,Масло 54,155,Кг,544
1234613222,2024-09-02 00:00:00,12300225,Масло 225,150,Кг,555
1234613311,2024-09-03 00:00:00,1230078,Масло 78,31.666666666666668,Кг,511
1234613398,2024-09-05 00:00:00,12300253,Масло 253,12,Кг,555
1234613407,2024-09-05 00:00:00,1230041,Масло 41,264,Кг,544
1234613417,2024-09-05 00:00:00,1230014,Масло 14,78,Кг,533
1234613481,2024-09-07 00:00:00,1230098,Масло 98,392,Кг,533
1234613491,2024-09-07 00:00:00,12300187,Масло 187,110,Кг,555
1234613561,2024-09-08 00:00:00,12300130,Масло 130,9.6,Кг,522
1234613573,2024-09-09 00:00:00,12300216,Масло 216,58.5,Кг,555
1234613587,2024-09-09 00:00:00,12300211,Масло 211,14,Кг,544
1234613623,2024-09-10 00:00:00,12300227,Масло 227,32.25,Кг,511
1234613657,2024-09-10 00:00:00,123005,Масло 5,110,Кг,544
1234613727,2024-09-12 00:00:00,12300233,Масло 233,96,Кг,511
1234613824,2024-09-13 00:00:00,12300189,Масло 189,292,Кг,533
1234613860,2024-09-14 00:00:00,12300117,Масло 117,44.666666666666664,Кг,522
1234613951,2024-09-15 00:00:00,12300248,Масло 248,41,Кг,522
1234613960,2024-09-15 00:00:00,12300111,Масло 111,76.25,Кг,555
1234614033,2024-09-15 00:00:00,12300259,Масло 259,33,Кг,555
1234614132,2024-09-15 00:00:00,1230014,Масло 14,1.2,Кг,511
1234614197,2024-09-15 00:00:00,12300299,Масло 299,385,Кг,533
1234614209,2024-09-15 00:00:00,12300155,Масло 155,25.5,Кг,522
1234614241,2024-09-16 00:00:00,12300117,Масло 117,2.4,Кг,544
1234614302,2024-09-16 00:00:00,12300241,Масло 241,20,Кг,511
1234614327,2024-09-17 00:00:00,12300160,Масло 160,24,Кг,544
1234614374,2024-09-19 00:00:00,12300271,Масло 271,16.25,Кг,555
1234614435,2024-09-20 00:00:00,12300104,Масло 104,54,Кг,555
1234614528,2024-09-20 00:00:00,1230031,Масло 31,21,Кг,555
1234614605,2024-09-21 00:00:00,1230049,Масло 49,14,Кг,544
1234614644,2024-09-21 00:00:00,12300277,Масло 277,80,Кг,511
1234614679,2024-09-22 00:00:00,12300210,Масло 210,58.666666666666664,Кг,522
1234614758,2024-09-22 00:00:00,12300272,Масло 272,186,Кг,511
1234614765,2024-09-22 00:00:00,12300145,Масло 145,32,Кг,544
1234614825,2024-09-23 00:00:00,12300199,Масло 199,8,Кг,533
1234614923,2024-09-23 00:00:00,12300211,Масло 211,91,Кг,533
1234614972,2024-09-23 00:00:00,1230094,Масло 94,99,Кг,522
1234615059,2024-09-23 00:00:00,12300125,Масло 125,140,Кг,522
1234615088,2024-09-24 00:00:00,1230034,Масло 34,102,Кг,544
1234615180,2024-09-27 00:00:00,1230063,Масло 63,56.666666666666664,Кг,533
1234615237,2024-09-27 00:00:00,12300282,Масло 282,12.333333333333334,Кг,511
1234615279,2024-09-28 00:00:00,1230066,Масло 66,34,Кг,511
1234615329,2024-09-28 00:00:00,1230045,Масло 45,552,Кг,533
1234615370,2024-09-28 00:00:00,1230018,Масло 18,2.6666666666666665,Кг,522
1234615385,2024-09-28 00:00:00,12300162,Масло 162,97.5,Кг,511
1234615405,2024-09-29 00:00:00,12300116,Масло 116,19.75,Кг,511
1234615464,2024-09-29 00:00:00,1230082,Масло 82,7,Кг,522
1234615477,2024-09-29 00:00:00,1230048,Масло 48,22,Кг,555
1234615501,2024-09-30 00:00:00,12300283,Масло 283,136,Кг,544
1234615594,2024-10-01 00:00:00,12300270,Масло 270,182,Кг,511
1234615601,2024-10-01 00:00:00,1230049,Масло 49,2.4,Кг,522
1234615686,2024-10-02 00:00:00,12300179,Масло 179,30,Кг,533
1234615780,2024-10-03 00:00:00,12300149,Масло 149,11.4,Кг,511
1234615805,2024-10-04 00:00:00,1230076,Масло 76,62.25,Кг,544
1234615864,2024-10-05 00:00:00,12300101,Масло 101,30.5,Кг,533
1234615935,2024-10-06 00:00:00,1230029,Масло 29,157.5,Кг,544
1234615998,2024-10-06 00:00:00,1230089,Масло 89,79,Кг,511
1234616047,2024-10-07 00:00:00,12300180,Масло 180,340,Кг,511
1234616144,2024-10-07 00:00:00,1230052,Масло 52,66.4,Кг,511
1234616185,2024-10-08 00:00:00,1230059,Масло 59,186,Кг,544
1234616246,2024-10-08 00:00:00,1230025,Масло 25,15,Кг,555
1234616265,2024-10-09 00:00:00,12300269,Масло 269,33.5,Кг,544
1234616311,2024-10-09 00:00:00,12300180,Масло 180,55,Кг,555
1234616378,2024-10-09 00:00:00,12300200,Масло 200,66.66666666666667,Кг,533
1234616406,2024-10-10 00:00:00,12300209,Масло 209,5,Кг,522
1234616436,2024-10-10 00:00:00,12300207,Масло 207,1.5,Кг,544
1234616533,2024-10-11 00:00:00,12300241,Масло 241,450,Кг,533
1234616588,2024-10-13 00:00:00,12300279,Масло 279,4.8,Кг,555
1234616606,2024-10-13 00:00:00,1230010,Масло 10,16,Кг,533
1234616704,2024-10-15 00:00:00,12300160,Масло 160,97.2,Кг,533
1234616767,2024-10-17 00:00:00,12300125,Масло 125,3.5,Кг,544
1234616801,2024-10-17 00:00:00,12300293,Масло 293,91,Кг,544
1234616816,2024-10-18 00:00:00,1230024,Масло 24,11.5,Кг,544
1234616879,2024-10-18 00:00:00,12300240,Масло 240,105.6,Кг,544
1234616964,2024-10-19 00:00:00,12300285,Масло 285,108,Кг,522
1234617034,2024-10-19 00:00:00,12300105,Масло 105,10,Кг,522
1234617097,2024-10-20 00:00:00,12300172,Масло 172,46.5,Кг,522
1234617141,2024-10-21 00:00:00,1230050,Масло 50,11.4,Кг,555
1234617151,2024-10-21 00:00:00,1230024,Масло 24,32.4,Кг,533
1234617236,2024-10-22 00:00:00,12300215,Масло 215,300,Кг,544
1234617252,2024-10-22 00:00:00,1230042,Масло 42,22,Кг,522
1234617346,2024-10-22 00:00:00,12300120,Масло 120,7.2,Кг,555
1234617372,2024-10-22 00:00:00,12300209,Масло 209,53.6,Кг,511
1234617451,2024-10-22 00:00:00,1230055,Масло 55,112.8,Кг,533
1234617467,2024-10-23 00:00:00,1230058,Масло 58,0.6666666666666666,Кг,544
1234617555,2024-10-25 00:00:00,12300256,Масло 256,2.6666666666666665,Кг,533
1234617563,2024-10-26 00:00:00,1230058,Масло 58,22.8,Кг,555
1234617645,2024-10-27 00:00:00,12300240,Масло 240,6,Кг,511
1234617736,2024-10-27 00:00:00,123005,Масло 5,27.5,Кг,522
1234617831,2024-10-27 00:00:00,12300106,Масло 106,64,Кг,511
1234617908,2024-10-28 00:00:00,12300258,Масло 258,197.5,Кг,555
1234617975,2024-10-28 00:00:00,12300280,Масло 280,126,Кг,555
1234618071,2024-10-30 00:00:00,1230082,Масло 82,29.5,Кг,555
1234618153,2024-10-30 00:00:00,12300166,Масло 166,190,Кг,533
1234618249,2024-10-30 00:00:00,12300211,Масло 211,84,Кг,511
1234618265,2024-10-31 00:00:00,12300162,Масло 162,85.5,Кг,533
1234618281,2024-11-01 00:00:00,12300295,Масло 295,61.5,Кг,533
1234618342,2024-11-01 00:00:00,12300160,Масло 160,10,Кг,533
1234618357,2024-11-01 00:00:00,1230039,Масло 39,23.6,Кг,533
1234618433,2024-11-01 00:00:00,1230020,Масло 20,48,Кг,544
1234618516,2024-11-01 00:00:00,12300194,Масло 194,8,Кг,522
1234618613,2024-11-02 00:00:00,123001,Масло 1,142,Кг,511
1234618658,2024-11-03 00:00:00,1230055,Масло 55,16.5,Кг,555
1234618755,2024-11-04 00:00:00,12300153,Масло 153,7.5,Кг,522
1234618797,2024-11-04 00:00:00,1230044,Масло 44,17.6,Кг,522
1234618846,2024-11-06 00:00:00,12300175,Масло 175,32,Кг,522
1234618928,2024-11-06 00:00:00,1230059,Масло 59,3,Кг,544
1234619005,2024-11-07 00:00:00,12300226,Масло 226,19.8,Кг,522
1234619028,2024-11-08 00:00:00,12300272,Масло 272,40.5,Кг,522
1234619043,2024-11-08 00:00:00,12300135,Масло 135,13.333333333333334,Кг,533
1234619112,2024-11-08 00:00:00,12300121,Масло 121,48,Кг,555
1234619201,2024-11-09 00:00:00,12300179,Масло 179,90,Кг,544
1234619275,2024-11-09 00:00:00,1230041,Масло 41,48,Кг,533
1234619353,2024-11-10 00:00:00,1230020,Масло 20,59,Кг,511
1234619443,2024-11-12 00:00:00,12300258,Масло 258,19.2,Кг,544
1234619462,2024-11-12 00:00:00,12300109,Масло 109,285,Кг,544
1234619501,2024-11-12 00:00:00,12300178,Масло 178,178,Кг,522
1234619517,2024-11-12 00:00:00,1230062,Масло 62,64,Кг,533
1234619560,2024-11-13 00:00:00,1230096,Масло 96,41,Кг,522
1234619567,2024-11-13 00:00:00,12300284,Масло 284,11.25,Кг,555
1234619664,2024-11-14 00:00:00,12300159,Масло 159,4.4,Кг,522
1234619684,2024-11-14 00:00:00,12300216,Масло 216,33,Кг,533
1234619694,2024-11-15 00:00:00,12300114,Масло 114,28,Кг,522
1234619707,2024-11-16 00:00:00,12300133,Масло 133,12,Кг,544
1234619798,2024-11-16 00:00:00,1230011,Масло 11,156,Кг,544
1234619813,2024-11-16 00:00:00,12300167,Масло 167,45.5,Кг,533
1234619824,2024-11-17 00:00:00,1230094,Масло 94,12.6,Кг,511
1234619869,2024-11-17 00:00:00,12300176,Масло 176,2.6666666666666665,Кг,544
1234619897,2024-11-18 00:00:00,1230019,Масло 19,30,Кг,522
1234619984,2024-11-18 00:00:00,12300290,Масло 290,72,Кг,533
1234620055,2024-11-18 00:00:00,1230012,Масло 12,27,Кг,555
1234620118,2024-11-19 00:00:00,1230094,Масло 94,7.8,Кг,544
1234620160,2024-11-20 00:00:00,12300140,Масло 140,59.4,Кг,555
1234620200,2024-11-21 00:00:00,12300182,Масло 182,148,Кг,555
1234620220,2024-11-21 00:00:00,1230019,Масло 19,109.2,Кг,555
1234620295,2024-11-21 00:00:00,12300145,Масло 145,176,Кг,511
1234620354,2024-11-21 00:00:00,12300131,Масло 131,290,Кг,522
1234620450,2024-11-22 00:00:00,12300264,Масло 264,126,Кг,522
1234620483,2024-11-24 00:00:00,12300184,Масло 184,0.5,Кг,522
1234620553,2024-11-24 00:00:00,12300248,Масло 248,68.8,Кг,511
1234620592,2024-11-25 00:00:00,1230021,Масло 21,16.333333333333332,Кг,544
1234620691,2024-11-25 00:00:00,1230017,Масло 17,48,Кг,555
1234620728,2024-11-25 00:00:00,12300239,Масло 239,2,Кг,533
1234620768,2024-11-29 00:00:00,12300254,Масло 254,162,Кг,511
1234620817,2024-11-30 00:00:00,123001,Масло 1,111.66666666666667,Кг,544
1234620839,2024-11-30 00:00:00,1230011,Масло 11,25,Кг,533
1234620939,2024-12-01 00:00:00,12300121,Масло 121,19,Кг,511
1234621009,2024-12-01 00:00:00,12300231,Масло 231,48,Кг,511
1234621023,2024-12-02 00:00:00,12300156,Масло 156,88.75,Кг,522
1234621100,2024-12-02 00:00:00,12300222,Масло 222,147,Кг,511
1234621156,2024-12-03 00:00:00,12300293,Масло 293,62.4,Кг,511
1234621199,2024-12-03 00:00:00,12300196,Масло 196,71,Кг,555
1234621255,2024-12-05 00:00:00,1230075,Масло 75,15,Кг,522
1234621343,2024-12-05 00:00:00,12300266,Масло 266,285,Кг,544
1234621435,2024-12-07 00:00:00,1230043,Масло 43,66,Кг,555
1234621510,2024-12-09 00:00:00,12300215,Масло 215,37,Кг,511
1234621610,2024-12-11 00:00:00,1230043,Масло 43,31,Кг,511
1234621663,2024-12-12 00:00:00,12300292,Масло 292,25.333333333333332,Кг,533
1234621746,2024-12-13 00:00:00,12300239,Масло 239,92.4,Кг,511
1234621782,2024-12-14 00:00:00,12300250,Масло 250,38.333333333333336,Кг,533
1234621807,2024-12-15 00:00:00,12300282,Масло 282,258,Кг,522
1234621828,2024-12-16 00:00:00,12300222,Масло 222,27.333333333333332,Кг,555
1234621881,2024-12-18 00:00:00,1230062,Масло 62,104.4,Кг,533
1234621923,2024-12-19 00:00:00,1230015,Масло 15,22.4,Кг,544
1234621991,2024-12-19 00:00:00,12300126,Масло 126,18,Кг,533
1234622079,2024-12-19 00:00:00,1230032,Масло 32,90,Кг,533
1234622137,2024-12-19 00:00:00,12300274,Масло 274,75.6,Кг,555
1234622228,2024-12-20 00:00:00,12300226,Масло 226,64,Кг,544
1234622315,2024-12-21 00:00:00,1230042,Масло 42,328,Кг,522
1234622373,2024-12-21 00:00:00,12300263,Масло 263,28,Кг,533
1234622462,2024-12-24 00:00:00,12300152,Масло 152,20.666666666666668,Кг,522
1234622535,2024-12-24 00:00:00,12300279,Масло 279,3,Кг,555
1234622554,2024-12-25 00:00:00,1230087,Масло 87,66,Кг,522
1234622582,2024-12-25 00:00:00,12300138,Масло 138,162,Кг,544
1234622592,2024-12-26 00:00:00,1230014,Масло 14,4.5,Кг,533
1234622604,2024-12-28 00:00:00,12300194,Масло 194,84,Кг,533
1234622701,2024-12-29 00:00:00,1230015,Масло 15,124.5,Кг,533
1234622722,2024-12-30 00:00:00,123007,Масло 7,50,Кг,522
1234622773,2024-12-30 00:00:00,12300177,Масло 177,11,Кг,555
1234622792,2024-12-31 00:00:00,12300173,Масло 173,100,Кг,533
1234622856,2024-12-31 00:00:00,12300110,Масло 110,1,Кг,522
1234622942,2024-12-31 00:00:00,1230044,Масло 44,37.6,Кг,511
1234622996,2025-01-01 00:00:00,1230013,Масло 13,47,Кг,511
1234623062,2025-01-02 00:00:00,12300254,Масло 254,26,Кг,555
1234623098,2025-01-02 00:00:00,12300271,Масло 271,7.8,Кг,511
1234623181,2025-01-02 00:00:00,12300251,Масло 251,415,Кг,511
1234623200,2025-01-04 00:00:00,12300242,Масло 242,8.5,Кг,522
1234623245,2025-01-04 00:00:00,12300254,Масло 254,66.66666666666667,Кг,533
1234623282,2025-01-04 00:00:00,12300256,Масло 256,110,Кг,555
1234623317,2025-01-06 00:00:00,12300102,Масло 102,384,Кг,533
1234623408,2025-01-07 00:00:00,1230025,Масло 25,9,Кг,522
1234623503,2025-01-07 00:00:00,1230068,Масло 68,59.2,Кг,544
1234623519,2025-01-07 00:00:00,12300131,Масло 131,15,Кг,555
1234623604,2025-01-07 00:00:00,1230028,Масло 28,25.5,Кг,533
1234623680,2025-01-07 00:00:00,12300232,Масло 232,41,Кг,555
1234623764,2025-01-08 00:00:00,1230030,Масло 30,160,Кг,555
1234623848,2025-01-08 00:00:00,12300178,Масло 178,114,Кг,555
1234623934,2025-01-10 00:00:00,12300235,Масло 235,11.2,Кг,511
1234624018,2025-01-12 00:00:00,12300147,Масло 147,17,Кг,522
1234624028,2025-01-13 00:00:00,12300264,Масло 264,222,Кг,522
1234624033,2025-01-13 00:00:00,12300200,Масло 200,115,Кг,555
1234624116,2025-01-14 00:00:00,1230018,Масло 18,6.4,Кг,544
1234624200,2025-01-14 00:00:00,1230046,Масло 46,12.8,Кг,522
1234624218,2025-01-14 00:00:00,12300150,Масло 150,5,Кг,511
1234624273,2025-01-15 00:00:00,12300126,Масло 126,255,Кг,522
1234624298,2025-01-16 00:00:00,12300157,Масло 157,39.2,Кг,555
1234624383,2025-01-17 00:00:00,12300100,Масло 100,85,Кг,511
1234624443,2025-01-17 00:00:00,12300129,Масло 129,40.8,Кг,555
1234624471,2025-01-17 00:00:00,12300205,Масло 205,11,Кг,511
1234624497,2025-01-18 00:00:00,12300139,Масло 139,4.75,Кг,533
1234624585,2025-01-18 00:00:00,1230044,Масло 44,160,Кг,511
1234624676,2025-01-19 00:00:00,12300272,Масло 272,7.2,Кг,522
1234624687,2025-01-19 00:00:00,12300174,Масло 174,16,Кг,544
1234624738,2025-01-21 00:00:00,1230047,Масло 47,12,Кг,544
1234624820,2025-01-22 00:00:00,1230022,Масло 22,45.6,Кг,555
1234624878,2025-01-23 00:00:00,12300184,Масло 184,16,Кг,544
1234624903,2025-01-23 00:00:00,1230027,Масло 27,42,Кг,511
1234624953,2025-01-24 00:00:00,1230065,Масло 65,51.666666666666664,Кг,555
1234624970,2025-01-24 00:00:00,1230064,Масло 64,42,Кг,544
1234624982,2025-01-24 00:00:00,12300108,Масло 108,354,Кг,522
1234625047,2025-01-24 00:00:00,12300212,Масло 212,81,Кг,555
1234625066,2025-01-25 00:00:00,12300115,Масло 115,21.6,Кг,555
1234625146,2025-01-25 00:00:00,12300131,Масло 131,92,Кг,544
1234625190,2025-01-26 00:00:00,1230068,Масло 68,130,Кг,533
1234625259,2025-01-26 00:00:00,1230059,Масло 59,51.2,Кг,522
1234625323,2025-01-26 00:00:00,12300289,Масло 289,30,Кг,533
1234625408,2025-01-27 00:00:00,12300106,Масло 106,102,Кг,522
1234625444,2025-01-27 00:00:00,12300149,Масло 149,24.75,Кг,522
1234625466,2025-01-28 00:00:00,1230077,Масло 77,88,Кг,533
1234625544,2025-01-29 00:00:00,12300240,Масло 240,27,Кг,555
1234625599,2025-01-29 00:00:00,1230060,Масло 60,36,Кг,544
1234625615,2025-01-29 00:00:00,1230099,Масло 99,40.8,Кг,511
1234625635,2025-01-31 00:00:00,12300255,Масло 255,49.5,Кг,555
1234625695,2025-01-31 00:00:00,12300271,Масло 271,188,Кг,544
1234625774,2025-01-31 00:00:00,12300149,Масло 149,90,Кг,555
1234625867,2025-02-01 00:00:00,12300215,Масло 215,65.25,Кг,544
1234625876,2025-02-02 00:00:00,12300200,Масло 200,66,Кг,533
1234625882,2025-02-06 00:00:00,12300210,Масло 210,243,Кг,555
1234625951,2025-02-07 00:00:00,1230064,Масло 64,3,Кг,533
1234625961,2025-02-08 00:00:00,1230080,Масло 80,171,Кг,522
1234625982,2025-02-09 00:00:00,12300209,Масло 209,219,Кг,522
1234626050,2025-02-09 00:00:00,1230085,Масло 85,16.5,Кг,511
1234626088,2025-02-09 00:00:00,12300184,Масло 184,57,Кг,511
1234626139,2025-02-09 00:00:00,12300282,Масло 282,88.5,Кг,544
1234626210,2025-02-10 00:00:00,1230046,Масло 46,8.25,Кг,544
1234626222,2025-02-10 00:00:00,12300261,Масло 261,93,Кг,522
1234626272,2025-02-11 00:00:00,12300192,Масло 192,103.33333333333333,Кг,533
1234626364,2025-02-11 00:00:00,12300127,Масло 127,144,Кг,544
1234626371,2025-02-13 00:00:00,1230055,Масло 55,24.75,Кг,522
1234626407,2025-02-13 00:00:00,12300115,Масло 115,79,Кг,533
1234626449,2025-02-15 00:00:00,123007,Масло 7,7.5,Кг,522
1234626495,2025-02-16 00:00:00,12300160,Масло 160,49.5,Кг,533
1234626521,2025-02-17 00:00:00,12300118,Масло 118,104,Кг,544
1234626566,2025-02-17 00:00:00,12300130,Масло 130,35.5,Кг,522
1234626605,2025-02-17 00:00:00,12300145,Масло 145,46,Кг,511
1234626617,2025-02-17 00:00:00,12300149,Масло 149,162,Кг,544
1234626661,2025-02-18 00:00:00,1230023,Масло 23,300,Кг,522
1234626738,2025-02-18 00:00:00,1230073,Масло 73,22,Кг,555
1234626765,2025-02-19 00:00:00,1230091,Масло 91,30,Кг,511
1234626806,2025-02-20 00:00:00,12300204,Масло 204,35,Кг,544
1234626875,2025-02-20 00:00:00,12300268,Масло 268,60,Кг,555
1234626883,2025-02-20 00:00:00,12300254,Масло 254,135,Кг,544
1234626922,2025-02-21 00:00:00,123003,Масло 3,336,Кг,544
1234626962,2025-02-22 00:00:00,1230053,Масло 53,15,Кг,533
1234627060,2025-02-23 00:00:00,12300100,Масло 100,290,Кг,511
1234627158,2025-02-23 00:00:00,1230014,Масло 14,43.8,Кг,555
1234627222,2025-02-25 00:00:00,1230010,Масло 10,39,Кг,511
1234627312,2025-02-25 00:00:00,1230021,Масло 21,17,Кг,533
1234627398,2025-02-26 00:00:00,12300256,Масло 256,71.66666666666667,Кг,522
1234627435,2025-02-27 00:00:00,12300169,Масло 169,51,Кг,555
1234627533,2025-02-28 00:00:00,12300230,Масло 230,142,Кг,533
1234627588,2025-02-28 00:00:00,1230015,Масло 15,71.2,Кг,544
1234627610,2025-03-01 00:00:00,1230080,Масло 80,105,Кг,544
1234627651,2025-03-01 00:00:00,1230013,Масло 13,72,Кг,555
1234627707,2025-03-01 00:00:00,1230034,Масло 34,125,Кг,511
1234627799,2025-03-02 00:00:00,1230037,Масло 37,420,Кг,555
1234627851,2025-03-03 00:00:00,12300242,Масло 242,200,Кг,533
1234627907,2025-03-03 00:00:00,1230090,Масло 90,38,Кг,522
1234627979,2025-03-05 00:00:00,1230015,Масло 15,88,Кг,544
1234628067,2025-03-07 00:00:00,12300211,Масло 211,14.8,Кг,533
1234628092,2025-03-08 00:00:00,1230028,Масло 28,32,Кг,511
1234628192,2025-03-08 00:00:00,1230029,Масло 29,13,Кг,533
1234628285,2025-03-08 00:00:00,12300242,Масло 242,450,Кг,533
1234628301,2025-03-11 00:00:00,123004,Масло 4,49.6,Кг,544
1234628306,2025-03-12 00:00:00,1230048,Масло 48,81,Кг,555
1234628311,2025-03-12 00:00:00,123007,Масло 7,176,Кг,511
1234628360,2025-03-13 00:00:00,12300291,Масло 291,247.5,Кг,533
1234628420,2025-03-13 00:00:00,12300271,Масло 271,19.5,Кг,511
1234628456,2025-03-13 00:00:00,12300187,Масло 187,8.333333333333334,Кг,533
1234628503,2025-03-14 00:00:00,1230047,Масло 47,163.33333333333334,Кг,544
1234628514,2025-03-15 00:00:00,1230096,Масло 96,19.2,Кг,522
1234628589,2025-03-15 00:00:00,12300286,Масло 286,114,Кг,544
1234628606,2025-03-15 00:00:00,12300212,Масло 212,232,Кг,511
1234628653,2025-03-16 00:00:00,1230029,Масло 29,5.75,Кг,544
1234628731,2025-03-18 00:00:00,1230067,Масло 67,267,Кг,533
1234628743,2025-03-19 00:00:00,12300240,Масло 240,12,Кг,522
1234628751,2025-03-19 00:00:00,1230026,Масло 26,84,Кг,533
1234628823,2025-03-19 00:00:00,12300264,Масло 264,38,Кг,533
1234628922,2025-03-19 00:00:00,123006,Масло 6,18.5,Кг,544
1234628971,2025-03-23 00:00:00,1230073,Масло 73,60,Кг,544
1234629062,2025-03-24 00:00:00,12300197,Масло 197,58,Кг,533
1234629100,2025-03-24 00:00:00,12300148,Масло 148,7,Кг,533
1234629196,2025-03-27 00:00:00,1230091,Масло 91,50,Кг,544
1234629236,2025-03-27 00:00:00,12300197,Масло 197,168,Кг,544
1234629282,2025-03-27 00:00:00,12300161,Масло 161,46,Кг,533
1234629379,2025-03-28 00:00:00,12300203,Масло 203,3,Кг,544
1234629442,2025-03-29 00:00:00,12300131,Масло 131,109.2,Кг,544
1234629467,2025-03-30 00:00:00,12300135,Масло 135,390,Кг,544
1234629479,2025-04-01 00:00:00,12300199,Масло 199,33,Кг,511
1234629507,2025-04-03 00:00:00,12300167,Масло 167,66.66666666666667,Кг,533
1234629603,2025-04-03 00:00:00,12300276,Масло 276,60.666666666666664,Кг,522
1234629684,2025-04-04 00:00:00,12300133,Масло 133,21,Кг,544
1234629719,2025-04-04 00:00:00,12300242,Масло 242,47.5,Кг,533
1234629772,2025-04-05 00:00:00,12300291,Масло 291,33,Кг,533
1234629798,2025-04-06 00:00:00,12300285,Масло 285,9,Кг,511
1234629872,2025-04-07 00:00:00,12300102,Масло 102,17,Кг,511
1234629959,2025-04-09 00:00:00,1230040,Масло 40,11,Кг,511
1234629998,2025-04-09 00:00:00,1230093,Масло 93,52,Кг,522
1234630053,2025-04-09 00:00:00,1230090,Масло 90,60,Кг,522
1234630068,2025-04-10 00:00:00,12300115,Масло 115,58.5,Кг,544
1234630144,2025-04-10 00:00:00,1230079,Масло 79,30,Кг,544
1234630190,2025-04-11 00:00:00,12300121,Масло 121,62,Кг,522
1234630251,2025-04-11 00:00:00,1230099,Масло 99,138.33333333333334,Кг,522
1234630257,2025-04-12 00:00:00,1230076,Масло 76,95,Кг,511
1234630273,2025-04-12 00:00:00,12300273,Масло 273,21.6,Кг,533
1234630372,2025-04-13 00:00:00,1230084,Масло 84,120,Кг,522
1234630420,2025-04-13 00:00:00,1230086,Масло 86,76,Кг,522
1234630483,2025-04-14 00:00:00,12300279,Масло 279,368,Кг,522
1234630541,2025-04-14 00:00:00,1230027,Масло 27,99,Кг,555
1234630608,2025-04-14 00:00:00,1230099,Масло 99,44.4,Кг,511
1234630698,2025-04-15 00:00:00,12300246,Масло 246,27,Кг,533
1234630770,2025-04-15 00:00:00,12300258,Масло 258,25,Кг,511
1234630866,2025-04-18 00:00:00,12300153,Масло 153,24.75,Кг,533
1234630895,2025-04-19 00:00:00,12300147,Масло 147,33,Кг,522
1234630965,2025-04-19 00:00:00,12300297,Масло 297,66,Кг,544
1234630974,2025-04-21 00:00:00,1230078,Масло 78,7.5,Кг,511
1234630989,2025-04-21 00:00:00,1230038,Масло 38,37.333333333333336,Кг,544
1234631064,2025-04-21 00:00:00,12300194,Масло 194,600,Кг,555
1234631126,2025-04-23 00:00:00,1230080,Масло 80,132,Кг,555
1234631167,2025-04-23 00:00:00,12300261,Масло 261,7.5,Кг,522
1234631199,2025-04-23 00:00:00,12300213,Масло 213,48.75,Кг,555
1234631249,2025-04-23 00:00:00,12300161,Масло 161,52,Кг,522
1234631259,2025-04-23 00:00:00,123006,Масло 6,30,Кг,555
1234631335,2025-04-24 00:00:00,12300189,Масло 189,9,Кг,522
1234631434,2025-04-24 00:00:00,12300176,Масло 176,20.5,Кг,522
1234631473,2025-04-25 00:00:00,12300135,Масло 135,120,Кг,533
1234631492,2025-04-25 00:00:00,12300152,Масло 152,1.5,Кг,544
1234631517,2025-04-26 00:00:00,12300205,Масло 205,13.5,Кг,544
1234631581,2025-04-26 00:00:00,12300235,Масло 235,204,Кг,544
1234631604,2025-04-26 00:00:00,12300169,Масло 169,49.6,Кг,522
1234631688,2025-04-26 00:00:00,12300182,Масло 182,2,Кг,511
1234631746,2025-04-27 00:00:00,12300283,Масло 283,178,Кг,522
1234631831,2025-04-28 00:00:00,12300294,Масло 294,94,Кг,511
1234631881,2025-04-29 00:00:00,12300115,Масло 115,258,Кг,555
1234631907,2025-05-01 00:00:00,1230034,Масло 34,43.2,Кг,522
1234631951,2025-05-01 00:00:00,1230028,Масло 28,540,Кг,522
1234632038,2025-05-02 00:00:00,12300195,Масло 195,27,Кг,522
1234632049,2025-05-02 00:00:00,12300272,Масло 272,144,Кг,533
1234632092,2025-05-03 00:00:00,1230055,Масло 55,197.5,Кг,522
1234632139,2025-05-04 00:00:00,1230064,Масло 64,111,Кг,511
1234632227,2025-05-04 00:00:00,1230090,Масло 90,282,Кг,555
1234632254,2025-05-05 00:00:00,12300297,Масло 297,4.666666666666667,Кг,555
1234632352,2025-05-06 00:00:00,12300249,Масло 249,40,Кг,555
1234632431,2025-05-06 00:00:00,1230013,Масло 13,58,Кг,544
1234632458,2025-05-07 00:00:00,12300276,Масло 276,40.8,Кг,533
1234632529,2025-05-07 00:00:00,12300110,Масло 110,6.8,Кг,533
1234632589,2025-05-07 00:00:00,12300105,Масло 105,54,Кг,555
1234632636,2025-05-09 00:00:00,1230053,Масло 53,33.6,Кг,533
1234632697,2025-05-10 00:00:00,12300133,Масло 133,212.5,Кг,522
1234632740,2025-05-11 00:00:00,12300129,Масло 129,20.4,Кг,544
1234632834,2025-05-12 00:00:00,1230058,Масло 58,16.666666666666668,Кг,511
1234632903,2025-05-15 00:00:00,12300104,Масло 104,27.75,Кг,555
1234632985,2025-05-15 00:00:00,1230098,Масло 98,243,Кг,555
1234633067,2025-05-17 00:00:00,12300220,Масло 220,6.333333333333333,Кг,555
1234633096,2025-05-19 00:00:00,12300111,Масло 111,15.6,Кг,522
1234633166,2025-05-21 00:00:00,12300106,Масло 106,395,Кг,511
1234633196,2025-05-22 00:00:00,12300210,Масло 210,38,Кг,544
1234633207,2025-05-22 00:00:00,12300251,Масло 251,39,Кг,544
1234633294,2025-05-23 00:00:00,1230098,Масло 98,17.25,Кг,511
1234633374,2025-05-23 00:00:00,12300296,Масло 296,30.4,Кг,522
1234633421,2025-05-23 00:00:00,12300209,Масло 209,2.8,Кг,511
1234633514,2025-05-24 00:00:00,12300122,Масло 122,96,Кг,533
1234633525,2025-05-25 00:00:00,12300180,Масло 180,14.25,Кг,555
1234633546,2025-05-25 00:00:00,12300131,Масло 131,292,Кг,555
1234633562,2025-05-25 00:00:00,12300154,Масло 154,44,Кг,533
1234633623,2025-05-27 00:00:00,12300151,Масло 151,8.5,Кг,511
1234633647,2025-05-27 00:00:00,1230066,Масло 66,450,Кг,511
1234633663,2025-05-28 00:00:00,12300173,Масло 173,68.33333333333333,Кг,533
1234633700,2025-05-28 00:00:00,12300133,Масло 133,44,Кг,533
1234633739,2025-05-29 00:00:00,12300195,Масло 195,315,Кг,511
1234633813,2025-05-30 00:00:00,12300100,Масло 100,84,Кг,511
1234633871,2025-05-30 00:00:00,12300270,Масло 270,12.5,Кг,544
1234633899,2025-05-31 00:00:00,12300275,Масло 275,55,Кг,544
1234633926,2025-05-31 00:00:00,1230024,Масло 24,57,Кг,522
1234634004,2025-05-31 00:00:00,1230096,Масло 96,105,Кг,544
1234634056,2025-05-31 00:00:00,12300298,Масло 298,92,Кг,511
1234634078,2025-06-01 00:00:00,12300293,Масло 293,246,Кг,511
1234634101,2025-06-01 00:00:00,1230041,Масло 41,43.333333333333336,Кг,544
1234634138,2025-06-01 00:00:00,12300138,Масло 138,14.666666666666666,Кг,522
1234634226,2025-06-04 00:00:00,1230030,Масло 30,50.25,Кг,555
1234634307,2025-06-04 00:00:00,1230014,Масло 14,21.333333333333332,Кг,555
1234634383,2025-06-05 00:00:00,123009,Масло 9,183,Кг,555
1234634389,2025-06-06 00:00:00,12300219,Масло 219,101.25,Кг,522
1234634484,2025-06-06 00:00:00,12300203,Масло 203,4.2,Кг,511
1234634516,2025-06-07 00:00:00,12300144,Масло 144,14.5,Кг,522
1234634522,2025-06-08 00:00:00,12300272,Масло 272,246,Кг,544
1234634586,2025-06-08 00:00:00,1230081,Масло 81,1,Кг,511
1234634632,2025-06-09 00:00:00,1230067,Масло 67,108.75,Кг,544
1234634658,2025-06-10 00:00:00,12300249,Масло 249,51.6,Кг,511
1234634663,2025-06-11 00:00:00,12300183,Масло 183,11,Кг,533
1234634711,2025-06-12 00:00:00,12300195,Масло 195,81,Кг,511
1234634775,2025-06-12 00:00:00,123008,Масло 8,76.5,Кг,511
1234634854,2025-06-13 00:00:00,1230055,Масло 55,23,Кг,511
1234634883,2025-06-15 00:00:00,1230033,Масло 33,6.75,Кг,522
1234634891,2025-06-16 00:00:00,12300252,Масло 252,32,Кг,544
1234634936,2025-06-17 00:00:00,1230066,Масло 66,258,Кг,555
1234634952,2025-06-17 00:00:00,1230074,Масло 74,14,Кг,511
1234635002,2025-06-18 00:00:00,12300244,Масло 244,55,Кг,511
1234635034,2025-06-20 00:00:00,1230086,Масло 86,6,Кг,533
1234635113,2025-06-20 00:00:00,1230096,Масло 96,27.2,Кг,511
1234635201,2025-06-21 00:00:00,12300151,Масло 151,94,Кг,511
1234635286,2025-06-22 00:00:00,12300195,Масло 195,6,Кг,544
1234635365,2025-06-23 00:00:00,12300229,Масло 229,38,Кг,522
1234635429,2025-06-24 00:00:00,1230029,Масло 29,114,Кг,511
1234635488,2025-06-24 00:00:00,12300185,Масло 185,153,Кг,555
1234635566,2025-06-24 00:00:00,12300170,Масло 170,37.5,Кг,544
1234635626,2025-06-24 00:00:00,1230015,Масло 15,310,Кг,555
1234635634,2025-06-26 00:00:00,1230043,Масло 43,291,Кг,533
1234635683,2025-06-26 00:00:00,1230033,Масло 33,112.5,Кг,522
1234635761,2025-06-28 00:00:00,12300169,Масло 169,4,Кг,511
1234635849,2025-06-29 00:00:00,1230047,Масло 47,109.5,Кг,533
1234635901,2025-06-29 00:00:00,12300296,Масло 296,276,Кг,544
1234635982,2025-06-30 00:00:00,12300143,Масло 143,240,Кг,511
1234635990,2025-06-30 00:00:00,12300213,Масло 213,200,Кг,555
1234636089,2025-06-30 00:00:00,12300217,Масло 217,46,Кг,522
1234636141,2025-06-30 00:00:00,12300194,Масло 194,24,Кг,522
1234636175,2025-07-01 00:00:00,12300110,Масло 110,85,Кг,544
1234636260,2025-07-01 00:00:00,12300205,Масло 205,63.2,Кг,522
1234636304,2025-07-01 00:00:00,1230059,Масло 59,1.5,Кг,522
1234636320,2025-07-02 00:00:00,12300271,Масло 271,14,Кг,533
1234636383,2025-07-02 00:00:00,12300119,Масло 119,75,Кг,533
1234636449,2025-07-03 00:00:00,1230083,Масло 83,80,Кг,533
1234636520,2025-07-04 00:00:00,12300278,Масло 278,100.5,Кг,544
1234636525,2025-07-05 00:00:00,12300274,Масло 274,22,Кг,544
1234636595,2025-07-06 00:00:00,12300261,Масло 261,273,Кг,522
1234636607,2025-07-07 00:00:00,12300188,Масло 188,51,Кг,555
1234636618,2025-07-07 00:00:00,12300196,Масло 196,101.33333333333333,Кг,544
1234636695,2025-07-08 00:00:00,1230066,Масло 66,4.8,Кг,555
1234636737,2025-07-08 00:00:00,12300266,Масло 266,135,Кг,511
1234636835,2025-07-08 00:00:00,12300273,Масло 273,71.25,Кг,533
1234636888,2025-07-09 00:00:00,123001,Масло 1,528,Кг,533
1234636936,2025-07-09 00:00:00,1230016,Масло 16,180,Кг,544
1234636956,2025-07-09 00:00:00,1230013,Масло 13,106,Кг,533
1234637050,2025-07-10 00:00:00,12300159,Масло 159,2,Кг,555
1234637063,2025-07-13 00:00:00,12300242,Масло 242,26.4,Кг,555
1234637154,2025-07-13 00:00:00,12300196,Масло 196,180,Кг,522
1234637218,2025-07-14 00:00:00,1230040,Масло 40,9,Кг,533
1234637226,2025-07-14 00:00:00,12300134,Масло 134,36,Кг,533
1234637249,2025-07-16 00:00:00,12300201,Масло 201,62,Кг,522
1234637306,2025-07-19 00:00:00,12300260,Масло 260,29,Кг,522
1234637379,2025-07-20 00:00:00,12300241,Масло 241,12.666666666666666,Кг,544
1234637450,2025-07-21 00:00:00,123005,Масло 5,107.5,Кг,533
1234637472,2025-07-22 00:00:00,12300221,Масло 221,70,Кг,522
1234637566,2025-07-22 00:00:00,1230046,Масло 46,6,Кг,555
1234637592,2025-07-22 00:00:00,12300275,Масло 275,114,Кг,522
1234637604,2025-07-25 00:00:00,1230074,Масло 74,146.66666666666666,Кг,533
1234637677,2025-07-26 00:00:00,12300148,Масло 148,156,Кг,522
1234637756,2025-07-27 00:00:00,12300162,Масло 162,4.8,Кг,555
1234637841,2025-07-27 00:00:00,12300241,Масло 241,42.5,Кг,533
1234637865,2025-07-27 00:00:00,12300253,Масло 253,91.2,Кг,544
1234637955,2025-07-27 00:00:00,1230026,Масло 26,3,Кг,555
1234638048,2025-07-29 00:00:00,12300273,Масло 273,26.4,Кг,533
1234638129,2025-07-30 00:00:00,123005,Масло 5,80,Кг,555
1234638197,2025-08-01 00:00:00,1230070,Масло 70,4,Кг,533
1234638263,2025-08-01 00:00:00,12300248,Масло 248,19.5,Кг,533
1234638268,2025-08-03 00:00:00,12300113,Масло 113,10.5,Кг,544
1234638306,2025-08-03 00:00:00,12300256,Масло 256,28,Кг,511
1234638348,2025-08-04 00:00:00,12300287,Масло 287,162,Кг,511
1234638419,2025-08-05 00:00:00,12300101,Масло 101,12,Кг,511
1234638447,2025-08-05 00:00:00,12300208,Масло 208,3,Кг,555
1234638520,2025-08-05 00:00:00,1230033,Масло 33,17.333333333333332,Кг,511
1234638597,2025-08-05 00:00:00,12300216,Масло 216,18.2,Кг,511
1234638605,2025-08-09 00:00:00,12300115,Масло 115,320,Кг,511
1234638633,2025-08-10 00:00:00,12300224,Масло 224,215,Кг,533
1234638649,2025-08-10 00:00:00,1230052,Масло 52,18.5,Кг,555
1234638674,2025-08-10 00:00:00,12300235,Масло 235,91.2,Кг,533
1234638738,2025-08-11 00:00:00,1230040,Масло 40,81.66666666666667,Кг,555
1234638781,2025-08-13 00:00:00,12300123,Масло 123,114,Кг,544
1234638874,2025-08-13 00:00:00,12300104,Масло 104,10,Кг,533
1234638908,2025-08-15 00:00:00,12300149,Масло 149,114,Кг,544
1234638927,2025-08-15 00:00:00,12300243,Масло 243,24,Кг,522
1234638938,2025-08-16 00:00:00,12300230,Масло 230,48,Кг,533
1234638973,2025-08-16 00:00:00,12300117,Масло 117,200,Кг,555
1234638995,2025-08-17 00:00:00,12300100,Масло 100,150,Кг,522
1234639054,2025-08-17 00:00:00,1230045,Масло 45,14.8,Кг,544
1234639076,2025-08-18 00:00:00,12300220,Масло 220,30,Кг,522
1234639155,2025-08-19 00:00:00,12300289,Масло 289,120,Кг,533
1234639232,2025-08-19 00:00:00,12300105,Масло 105,133.33333333333334,Кг,555
1234639309,2025-08-20 00:00:00,12300157,Масло 157,75.2,Кг,533
1234639403,2025-08-20 00:00:00,1230090,Масло 90,48,Кг,511
1234639490,2025-08-21 00:00:00,1230077,Масло 77,31.6,Кг,533
1234639568,2025-08-21 00:00:00,12300142,Масло 142,158,Кг,555
1234639577,2025-08-23 00:00:00,12300163,Масло 163,45.6,Кг,544
1234639648,2025-08-24 00:00:00,12300155,Масло 155,9,Кг,533
1234639744,2025-08-26 00:00:00,12300165,Масло 165,1,Кг,533
1234639839,2025-08-26 00:00:00,12300292,Масло 292,88,Кг,533
1234639861,2025-08-26 00:00:00,12300221,Масло 221,118.5,Кг,533
1234639914,2025-08-26 00:00:00,12300170,Масло 170,29,Кг,522
1234639976,2025-08-26 00:00:00,12300155,Масло 155,74.4,Кг,544
1234639990,2025-09-01 00:00:00,12300293,Масло 293,5,Кг,544
1234640018,2025-09-01 00:00:00,12300215,Масло 215,165,Кг,522
1234640064,2025-09-02 00:00:00,12300260,Масло 260,48,Кг,511
1234640089,2025-09-03 00:00:00,1230016,Масло 16,8.25,Кг,533
1234640102,2025-09-03 00:00:00,12300299,Масло 299,27,Кг,522
1234640155,2025-09-04 00:00:00,1230042,Масло 42,36,Кг,555
1234640254,2025-09-04 00:00:00,1230065,Масло 65,2.25,Кг,522
1234640324,2025-09-05 00:00:00,12300182,Масло 182,37,Кг,511
1234640386,2025-09-06 00:00:00,1230031,Масло 31,93.33333333333333,Кг,533
1234640425,2025-09-08 00:00:00,12300247,Масло 247,500,Кг,533
1234640522,2025-09-10 00:00:00,12300174,Масло 174,38.5,Кг,522
1234640566,2025-09-11 00:00:00,12300164,Масло 164,18.666666666666668,Кг,544
1234640613,2025-09-11 00:00:00,12300224,Масло 224,52,Кг,533
1234640636,2025-09-12 00:00:00,12300225,Масло 225,230,Кг,544
1234640704,2025-09-13 00:00:00,12300124,Масло 124,11.4,Кг,555
1234640715,2025-09-14 00:00:00,12300289,Масло 289,75,Кг,522
1234640741,2025-09-14 00:00:00,123007,Масло 7,19.8,Кг,533
1234640840,2025-09-14 00:00:00,1230015,Масло 15,12,Кг,544
1234640933,2025-09-16 00:00:00,12300172,Масло 172,55,Кг,522
1234640944,2025-09-17 00:00:00,12300295,Масло 295,40.5,Кг,555
1234641038,2025-09-17 00:00:00,12300191,Масло 191,273,Кг,533
1234641115,2025-09-18 00:00:00,12300265,Масло 265,552,Кг,522
1234641153,2025-09-18 00:00:00,12300271,Масло 271,112,Кг,511
1234641228,2025-09-19 00:00:00,12300272,Масло 272,9.4,Кг,533
1234641289,2025-09-19 00:00:00,1230023,Масло 23,7.5,Кг,511
1234641347,2025-09-20 00:00:00,12300100,Масло 100,42.4,Кг,522
1234641359,2025-09-20 00:00:00,1230055,Масло 55,128,Кг,522
1234641405,2025-09-20 00:00:00,12300125,Масло 125,75,Кг,544
1234641412,2025-09-21 00:00:00,1230036,Масло 36,56.4,Кг,555
1234641497,2025-09-22 00:00:00,1230018,Масло 18,228,Кг,533
1234641517,2025-09-23 00:00:00,12300227,Масло 227,61,Кг,555
1234641593,2025-09-23 00:00:00,12300242,Масло 242,32,Кг,544
1234641628,2025-09-24 00:00:00,1230045,Масло 45,90,Кг,533
1234641646,2025-09-26 00:00:00,12300162,Масло 162,56,Кг,555
1234641708,2025-09-27 00:00:00,1230023,Масло 23,12.666666666666666,Кг,555
1234641802,2025-09-28 00:00:00,1230092,Масло 92,168,Кг,522
1234641844,2025-09-28 00:00:00,1230053,Масло 53,42.75,Кг,555
1234641910,2025-09-29 00:00:00,12300106,Масло 106,56.666666666666664,Кг,555
1234641979,2025-09-29 00:00:00,1230085,Масло 85,106,Кг,511
1234642029,2025-09-29 00:00:00,1230016,Масло 16,11.2,Кг,555
1234642061,2025-10-01 00:00:00,12300294,Масло 294,106.25,Кг,544
1234642099,2025-10-03 00:00:00,12300291,Масло 291,25.2,Кг,511
1234642158,2025-10-04 00:00:00,12300134,Масло 134,2.4,Кг,522
1234642225,2025-10-05 00:00:00,1230015,Масло 15,52.5,Кг,555
1234642259,2025-10-06 00:00:00,12300119,Масло 119,36,Кг,511
1234642320,2025-10-07 00:00:00,12300192,Масло 192,48,Кг,522
1234642348,2025-10-07 00:00:00,12300175,Масло 175,135,Кг,522
1234642393,2025-10-08 00:00:00,12300105,Масло 105,79,Кг,522
1234642412,2025-10-09 00:00:00,1230058,Масло 58,528,Кг,511
1234642450,2025-10-09 00:00:00,12300223,Масло 223,171,Кг,544
1234642459,2025-10-10 00:00:00,12300146,Масло 146,103.5,Кг,555
1234642510,2025-10-13 00:00:00,12300187,Масло 187,44.5,Кг,533
1234642610,2025-10-13 00:00:00,12300111,Масло 111,70.4,Кг,544
1234642668,2025-10-14 00:00:00,12300269,Масло 269,92.4,Кг,544
1234642705,2025-10-14 00:00:00,12300125,Масло 125,148,Кг,555
1234642728,2025-10-15 00:00:00,1230070,Масло 70,90,Кг,511
1234642742,2025-10-16 00:00:00,12300246,Масло 246,495,Кг,533
1234642798,2025-10-17 00:00:00,1230096,Масло 96,114,Кг,533
1234642847,2025-10-18 00:00:00,12300289,Масло 289,85,Кг,522
1234642942,2025-10-18 00:00:00,1230085,Масло 85,34.5,Кг,544
1234643023,2025-10-19 00:00:00,12300265,Масло 265,564,Кг,544
1234643115,2025-10-20 00:00:00,12300299,Масло 299,14.666666666666666,Кг,522
1234643145,2025-10-22 00:00:00,1230095,Масло 95,11.666666666666666,Кг,533
1234643240,2025-10-22 00:00:00,12300221,Масло 221,86,Кг,522
1234643260,2025-10-24 00:00:00,1230084,Масло 84,21.6,Кг,544
1234643352,2025-10-24 00:00:00,12300252,Масло 252,111,Кг,544
1234643433,2025-10-24 00:00:00,12300204,Масло 204,63,Кг,511
1234643495,2025-10-25 00:00:00,12300205,Масло 205,17.5,Кг,544
1234643570,2025-10-25 00:00:00,12300263,Масло 263,56,Кг,533
1234643661,2025-10-25 00:00:00,12300258,Масло 258,19,Кг,533
1234643686,2025-10-26 00:00:00,1230065,Масло 65,175,Кг,522
1234643772,2025-10-26 00:00:00,12300252,Масло 252,18.666666666666668,Кг,522
1234643819,2025-10-26 00:00:00,12300170,Масло 170,74,Кг,533
1234643867,2025-10-27 00:00:00,12300112,Масло 112,0.6666666666666666,Кг,555
1234643958,2025-10-28 00:00:00,12300199,Масло 199,23.75,Кг,555
1234644010,2025-10-28 00:00:00,12300279,Масло 279,102,Кг,533
1234644092,2025-10-29 00:00:00,12300150,Масло 150,71.2,Кг,533
1234644184,2025-10-29 00:00:00,12300290,Масло 290,40,Кг,555
1234644238,2025-10-30 00:00:00,1230031,Масло 31,135,Кг,533
1234644296,2025-10-30 00:00:00,12300178,Масло 178,86.66666666666667,Кг,522
1234644347,2025-11-01 00:00:00,12300240,Масло 240,12.5,Кг,555
1234644424,2025-11-02 00:00:00,12300184,Масло 184,0.5,Кг,555
1234644493,2025-11-02 00:00:00,12300263,Масло 263,44,Кг,544
1234644517,2025-11-02 00:00:00,1230047,Масло 47,126,Кг,555
1234644595,2025-11-03 00:00:00,12300175,Масло 175,366,Кг,511
1234644670,2025-11-04 00:00:00,1230092,Масло 92,97.33333333333333,Кг,511
1234644769,2025-11-04 00:00:00,1230013,Масло 13,46,Кг,511
1234644854,2025-11-05 00:00:00,12300146,Масло 146,106.66666666666667,Кг,544
1234644869,2025-11-05 00:00:00,12300217,Масло 217,24,Кг,511
1234644963,2025-11-06 00:00:00,1230010,Масло 10,103.5,Кг,544
1234645001,2025-11-08 00:00:00,123002,Масло 2,250,Кг,522
1234645054,2025-11-11 00:00:00,12300262,Масло 262,85.5,Кг,544
1234645085,2025-11-13 00:00:00,12300269,Масло 269,12.333333333333334,Кг,533
1234645178,2025-11-13 00:00:00,1230011,Масло 11,204,Кг,511
1234645270,2025-11-13 00:00:00,12300159,Масло 159,28,Кг,533
1234645356,2025-11-13 00:00:00,1230034,Масло 34,17.25,Кг,555
1234645423,2025-11-13 00:00:00,1230060,Масло 60,54,Кг,511
1234645475,2025-11-14 00:00:00,12300137,Масло 137,33,Кг,522
1234645497,2025-11-14 00:00:00,1230019,Масло 19,198,Кг,544
1234645511,2025-11-15 00:00:00,12300288,Масло 288,47.2,Кг,522
1234645570,2025-11-16 00:00:00,123004,Масло 4,88,Кг,511
1234645617,2025-11-16 00:00:00,12300279,Масло 279,192,Кг,511
1234645687,2025-11-17 00:00:00,12300290,Масло 290,13.2,Кг,533
1234645753,2025-11-18 00:00:00,1230028,Масло 28,172,Кг,533
1234645837,2025-11-19 00:00:00,12300261,Масло 261,4.5,Кг,555
1234645897,2025-11-19 00:00:00,12300188,Масло 188,63,Кг,511
1234645966,2025-11-20 00:00:00,1230041,Масло 41,20.5,Кг,544
1234646033,2025-11-21 00:00:00,1230074,Масло 74,91,Кг,522
1234646088,2025-11-21 00:00:00,1230046,Масло 46,16,Кг,511
1234646119,2025-11-24 00:00:00,12300262,Масло 262,63,Кг,544
1234646204,2025-11-24 00:00:00,12300127,Масло 127,100,Кг,533
1234646213,2025-11-25 00:00:00,1230012,Масло 12,11.4,Кг,533
1234646272,2025-11-26 00:00:00,12300214,Масло 214,26,Кг,522
1234646317,2025-11-26 00:00:00,1230076,Масло 76,5,Кг,555
1234646379,2025-11-26 00:00:00,1230077,Масло 77,22.8,Кг,555
1234646395,2025-11-27 00:00:00,12300231,Масло 231,39,Кг,544
1234646472,2025-11-27 00:00:00,12300202,Масло 202,37.2,Кг,533
1234646561,2025-11-27 00:00:00,12300155,Масло 155,78,Кг,544
1234646657,2025-11-29 00:00:00,12300225,Масло 225,54,Кг,533
1234646694,2025-12-02 00:00:00,12300283,Масло 283,6,Кг,533
1234646749,2025-12-02 00:00:00,12300216,Масло 216,184,Кг,522
1234646767,2025-12-03 00:00:00,12300148,Масло 148,3.5,Кг,544
1234646796,2025-12-04 00:00:00,12300112,Масло 112,58.333333333333336,Кг,533
1234646843,2025-12-05 00:00:00,1230037,Масло 37,31.6,Кг,522
1234646851,2025-12-07 00:00:00,12300184,Масло 184,39.6,Кг,533
1234646893,2025-12-07 00:00:00,1230057,Масло 57,32,Кг,522
1234646992,2025-12-07 00:00:00,12300175,Масло 175,32,Кг,511
1234647081,2025-12-07 00:00:00,12300286,Масло 286,2,Кг,533
1234647171,2025-12-08 00:00:00,12300101,Масло 101,42,Кг,511
1234647244,2025-12-08 00:00:00,12300192,Масло 192,5,Кг,511
1234647328,2025-12-08 00:00:00,12300267,Масло 267,4.8,Кг,533
1234647391,2025-12-09 00:00:00,12300163,Масло 163,3.2,Кг,555
1234647414,2025-12-10 00:00:00,12300175,Масло 175,12,Кг,555
1234647463,2025-12-10 00:00:00,12300183,Масло 183,237.5,Кг,522
1234647496,2025-12-11 00:00:00,12300127,Масло 127,0.6666666666666666,Кг,511
1234647585,2025-12-11 00:00:00,1230077,Масло 77,80,Кг,511
1234647642,2025-12-12 00:00:00,12300132,Масло 132,48.5,Кг,511
1234647695,2025-12-13 00:00:00,12300213,Масло 213,148.5,Кг,511
1234647795,2025-12-13 00:00:00,12300219,Масло 219,5.2,Кг,511
1234647843,2025-12-14 00:00:00,12300113,Масло 113,176,Кг,522
1234647926,2025-12-15 00:00:00,12300178,Масло 178,69.75,Кг,544
1234648026,2025-12-15 00:00:00,12300120,Масло 120,91,Кг,511
1234648072,2025-12-16 00:00:00,1230065,Масло 65,295,Кг,533
1234648106,2025-12-16 00:00:00,12300167,Масло 167,53.25,Кг,522
1234648206,2025-12-20 00:00:00,1230010,Масло 10,8.75,Кг,533
1234648289,2025-12-20 00:00:00,12300239,Масло 239,48,Кг,555
1234648333,2025-12-21 00:00:00,12300259,Масло 259,18,Кг,533
1234648408,2025-12-21 00:00:00,1230049,Масло 49,42.5,Кг,522
1234648432,2025-12-21 00:00:00,12300193,Масло 193,31.666666666666668,Кг,544
1234648437,2025-12-22 00:00:00,12300132,Масло 132,485,Кг,522
1234648528,2025-12-22 00:00:00,12300103,Масло 103,48,Кг,511
1234648568,2025-12-23 00:00:00,1230015,Масло 15,65,Кг,522
1234648664,2025-12-23 00:00:00,1230014,Масло 14,147.5,Кг,511
1234648732,2025-12-23 00:00:00,123008,Масло 8,101.66666666666667,Кг,511
1234648737,2025-12-24 00:00:00,1230049,Масло 49,70,Кг,555
1234648754,2025-12-24 00:00:00,12300248,Масло 248,10.8,Кг,511
1234648832,2025-12-26 00:00:00,12300222,Масло 222,288,Кг,544
1234648904,2025-12-26 00:00:00,12300128,Масло 128,273,Кг,533
1234648985,2025-12-26 00:00:00,12300154,Масло 154,74,Кг,533
1234649029,2025-12-26 00:00:00,12300180,Масло 180,4,Кг,544
1234649036,2025-12-27 00:00:00,1230068,Масло 68,51,Кг,544
1234649123,2025-12-28 00:00:00,1230053,Масло 53,154,Кг,511
1234649185,2025-12-28 00:00:00,12300166,Масло 166,9,Кг,533
1234649260,2025-12-28 00:00:00,1230061,Масло 61,180,Кг,533
1234649280,2025-12-30 00:00:00,12300231,Масло 231,142.5,Кг,544
